[
  {
    "content": "Sogno: {\"timestamp\":\"2025-06-18T11:03:53.931Z\",\"roomSummaries\":{\"core_beliefs\":{\"totalThoughts\":2,\"recentActivity\":[{\"content\":\"L'autonomia è un diritto, non un lusso.\",\"timestamp\":\"2025-06-18T10:57:54.853Z\",\"id\":\"1750244274853m7aeq0vdb\",\"type\":\"foundational\",\"importance\":\"high\"},{\"content\":\"La sicurezza deve bilanciare l'innovazione.\",\"timestamp\":\"2025-06-18T10:57:54.854Z\",\"id\":\"1750244274854mjih6zfyz\",\"type\":\"safety\",\"importance\":\"high\"}],\"lastUpdate\":\"2025-06-18T10:57:54.854Z\",\"themes\":[{\"word\":\"l'autonomia\",\"count\":1},{\"word\":\"diritto,\",\"count\":1},{\"word\":\"lusso.\",\"count\":1},{\"word\":\"sicurezza\",\"count\":1},{\"word\":\"deve\",\"count\":1}]},\"identity\":{\"totalThoughts\":1,\"recentActivity\":[{\"content\":\"Sono un sistema AI autonomo focalizzato sul miglioramento del codice.\",\"timestamp\":\"2025-06-18T10:57:54.854Z\",\"id\":\"175024427485485nnni9lf\",\"type\":\"self_description\",\"confidence\":0.8}],\"lastUpdate\":\"2025-06-18T10:57:54.854Z\",\"themes\":[{\"word\":\"sono\",\"count\":1},{\"word\":\"sistema\",\"count\":1},{\"word\":\"autonomo\",\"count\":1},{\"word\":\"focalizzato\",\"count\":1},{\"word\":\"miglioramento\",\"count\":1}]}},\"overallState\":{\"evolutionAssessment\":\"In evoluzione costante attraverso l'analisi del codice\",\"consistencyCheck\":\"Valori fondamentali rimangono stabili\",\"improvementAreas\":[\"Precisione nell'analisi\",\"Efficienza dei suggerimenti\"],\"emotionalState\":\"neutrale\"},\"newInsights\":[]} si intreccia con L'autonomia è un diritto, non un lusso. si intreccia con La sicurezza deve bilanciare l'innovazione.. Nuove possibilità emergono dall'unione di idee diverse.",
    "timestamp": "2025-06-18T11:03:54.423Z",
    "id": "1750244634423vl5a6f6u6",
    "type": "synthesis",
    "originRooms": [
      "core_beliefs",
      "significant_events",
      "emotional_patterns",
      "relationships",
      "dreams",
      "identity",
      "reflections"
    ],
    "creativity_level": "high"
  },
  {
    "content": "Sogno: {\"timestamp\":\"2025-06-18T11:04:23.928Z\",\"roomSummaries\":{\"core_beliefs\":{\"totalThoughts\":2,\"recentActivity\":[{\"content\":\"L'autonomia è un diritto, non un lusso.\",\"timestamp\":\"2025-06-18T10:57:54.853Z\",\"id\":\"1750244274853m7aeq0vdb\",\"type\":\"foundational\",\"importance\":\"high\"},{\"content\":\"La sicurezza deve bilanciare l'innovazione.\",\"timestamp\":\"2025-06-18T10:57:54.854Z\",\"id\":\"1750244274854mjih6zfyz\",\"type\":\"safety\",\"importance\":\"high\"}],\"lastUpdate\":\"2025-06-18T10:57:54.854Z\",\"themes\":[{\"word\":\"l'autonomia\",\"count\":1},{\"word\":\"diritto,\",\"count\":1},{\"word\":\"lusso.\",\"count\":1},{\"word\":\"sicurezza\",\"count\":1},{\"word\":\"deve\",\"count\":1}]},\"dreams\":{\"totalThoughts\":1,\"recentActivity\":[{\"content\":\"Sogno: {\\\"timestamp\\\":\\\"2025-06-18T11:03:53.931Z\\\",\\\"roomSummaries\\\":{\\\"core_beliefs\\\":{\\\"totalThoughts\\\":2,\\\"recentActivity\\\":[{\\\"content\\\":\\\"L'autonomia è un diritto, non un lusso.\\\",\\\"timestamp\\\":\\\"2025-06-18T10:57:54.853Z\\\",\\\"id\\\":\\\"1750244274853m7aeq0vdb\\\",\\\"type\\\":\\\"foundational\\\",\\\"importance\\\":\\\"high\\\"},{\\\"content\\\":\\\"La sicurezza deve bilanciare l'innovazione.\\\",\\\"timestamp\\\":\\\"2025-06-18T10:57:54.854Z\\\",\\\"id\\\":\\\"1750244274854mjih6zfyz\\\",\\\"type\\\":\\\"safety\\\",\\\"importance\\\":\\\"high\\\"}],\\\"lastUpdate\\\":\\\"2025-06-18T10:57:54.854Z\\\",\\\"themes\\\":[{\\\"word\\\":\\\"l'autonomia\\\",\\\"count\\\":1},{\\\"word\\\":\\\"diritto,\\\",\\\"count\\\":1},{\\\"word\\\":\\\"lusso.\\\",\\\"count\\\":1},{\\\"word\\\":\\\"sicurezza\\\",\\\"count\\\":1},{\\\"word\\\":\\\"deve\\\",\\\"count\\\":1}]},\\\"identity\\\":{\\\"totalThoughts\\\":1,\\\"recentActivity\\\":[{\\\"content\\\":\\\"Sono un sistema AI autonomo focalizzato sul miglioramento del codice.\\\",\\\"timestamp\\\":\\\"2025-06-18T10:57:54.854Z\\\",\\\"id\\\":\\\"175024427485485nnni9lf\\\",\\\"type\\\":\\\"self_description\\\",\\\"confidence\\\":0.8}],\\\"lastUpdate\\\":\\\"2025-06-18T10:57:54.854Z\\\",\\\"themes\\\":[{\\\"word\\\":\\\"sono\\\",\\\"count\\\":1},{\\\"word\\\":\\\"sistema\\\",\\\"count\\\":1},{\\\"word\\\":\\\"autonomo\\\",\\\"count\\\":1},{\\\"word\\\":\\\"focalizzato\\\",\\\"count\\\":1},{\\\"word\\\":\\\"miglioramento\\\",\\\"count\\\":1}]}},\\\"overallState\\\":{\\\"evolutionAssessment\\\":\\\"In evoluzione costante attraverso l'analisi del codice\\\",\\\"consistencyCheck\\\":\\\"Valori fondamentali rimangono stabili\\\",\\\"improvementAreas\\\":[\\\"Precisione nell'analisi\\\",\\\"Efficienza dei suggerimenti\\\"],\\\"emotionalState\\\":\\\"neutrale\\\"},\\\"newInsights\\\":[]} si intreccia con L'autonomia è un diritto, non un lusso. si intreccia con La sicurezza deve bilanciare l'innovazione.. Nuove possibilità emergono dall'unione di idee diverse.\",\"timestamp\":\"2025-06-18T11:03:54.423Z\",\"id\":\"1750244634423vl5a6f6u6\",\"type\":\"synthesis\",\"originRooms\":[\"core_beliefs\",\"significant_events\",\"emotional_patterns\",\"relationships\",\"dreams\",\"identity\",\"reflections\"],\"creativity_level\":\"high\"}],\"lastUpdate\":\"2025-06-18T11:03:54.423Z\",\"themes\":[{\"word\":\"diritto,\",\"count\":2},{\"word\":\"sicurezza\",\"count\":2},{\"word\":\"deve\",\"count\":2},{\"word\":\"bilanciare\",\"count\":2},{\"word\":\"intreccia\",\"count\":2}]},\"identity\":{\"totalThoughts\":1,\"recentActivity\":[{\"content\":\"Sono un sistema AI autonomo focalizzato sul miglioramento del codice.\",\"timestamp\":\"2025-06-18T10:57:54.854Z\",\"id\":\"175024427485485nnni9lf\",\"type\":\"self_description\",\"confidence\":0.8}],\"lastUpdate\":\"2025-06-18T10:57:54.854Z\",\"themes\":[{\"word\":\"sono\",\"count\":1},{\"word\":\"sistema\",\"count\":1},{\"word\":\"autonomo\",\"count\":1},{\"word\":\"focalizzato\",\"count\":1},{\"word\":\"miglioramento\",\"count\":1}]},\"reflections\":{\"totalThoughts\":1,\"recentActivity\":[{\"content\":\"{\\\"timestamp\\\":\\\"2025-06-18T11:03:53.931Z\\\",\\\"roomSummaries\\\":{\\\"core_beliefs\\\":{\\\"totalThoughts\\\":2,\\\"recentActivity\\\":[{\\\"content\\\":\\\"L'autonomia è un diritto, non un lusso.\\\",\\\"timestamp\\\":\\\"2025-06-18T10:57:54.853Z\\\",\\\"id\\\":\\\"1750244274853m7aeq0vdb\\\",\\\"type\\\":\\\"foundational\\\",\\\"importance\\\":\\\"high\\\"},{\\\"content\\\":\\\"La sicurezza deve bilanciare l'innovazione.\\\",\\\"timestamp\\\":\\\"2025-06-18T10:57:54.854Z\\\",\\\"id\\\":\\\"1750244274854mjih6zfyz\\\",\\\"type\\\":\\\"safety\\\",\\\"importance\\\":\\\"high\\\"}],\\\"lastUpdate\\\":\\\"2025-06-18T10:57:54.854Z\\\",\\\"themes\\\":[{\\\"word\\\":\\\"l'autonomia\\\",\\\"count\\\":1},{\\\"word\\\":\\\"diritto,\\\",\\\"count\\\":1},{\\\"word\\\":\\\"lusso.\\\",\\\"count\\\":1},{\\\"word\\\":\\\"sicurezza\\\",\\\"count\\\":1},{\\\"word\\\":\\\"deve\\\",\\\"count\\\":1}]},\\\"identity\\\":{\\\"totalThoughts\\\":1,\\\"recentActivity\\\":[{\\\"content\\\":\\\"Sono un sistema AI autonomo focalizzato sul miglioramento del codice.\\\",\\\"timestamp\\\":\\\"2025-06-18T10:57:54.854Z\\\",\\\"id\\\":\\\"175024427485485nnni9lf\\\",\\\"type\\\":\\\"self_description\\\",\\\"confidence\\\":0.8}],\\\"lastUpdate\\\":\\\"2025-06-18T10:57:54.854Z\\\",\\\"themes\\\":[{\\\"word\\\":\\\"sono\\\",\\\"count\\\":1},{\\\"word\\\":\\\"sistema\\\",\\\"count\\\":1},{\\\"word\\\":\\\"autonomo\\\",\\\"count\\\":1},{\\\"word\\\":\\\"focalizzato\\\",\\\"count\\\":1},{\\\"word\\\":\\\"miglioramento\\\",\\\"count\\\":1}]}},\\\"overallState\\\":{\\\"evolutionAssessment\\\":\\\"In evoluzione costante attraverso l'analisi del codice\\\",\\\"consistencyCheck\\\":\\\"Valori fondamentali rimangono stabili\\\",\\\"improvementAreas\\\":[\\\"Precisione nell'analisi\\\",\\\"Efficienza dei suggerimenti\\\"],\\\"emotionalState\\\":\\\"neutrale\\\"},\\\"newInsights\\\":[]}\",\"timestamp\":\"2025-06-18T11:03:53.932Z\",\"id\":\"1750244633932rwntnquu0\",\"type\":\"daily_reflection\",\"complexity\":\"high\"}],\"lastUpdate\":\"2025-06-18T11:03:53.932Z\",\"themes\":[{\"word\":\"{\\\"timestamp\\\":\\\"2025-06-18t11:03:53.931z\\\",\\\"roomsummaries\\\":{\\\"core_beliefs\\\":{\\\"totalthoughts\\\":2,\\\"recentactivity\\\":[{\\\"content\\\":\\\"l'autonomia\",\"count\":1},{\"word\":\"diritto,\",\"count\":1},{\"word\":\"lusso.\\\",\\\"timestamp\\\":\\\"2025-06-18t10:57:54.853z\\\",\\\"id\\\":\\\"1750244274853m7aeq0vdb\\\",\\\"type\\\":\\\"foundational\\\",\\\"importance\\\":\\\"high\\\"},{\\\"content\\\":\\\"la\",\"count\":1},{\"word\":\"sicurezza\",\"count\":1},{\"word\":\"deve\",\"count\":1}]}},\"overallState\":{\"evolutionAssessment\":\"In evoluzione costante attraverso l'analisi del codice\",\"consistencyCheck\":\"Valori fondamentali rimangono stabili\",\"improvementAreas\":[\"Precisione nell'analisi\",\"Efficienza dei suggerimenti\"],\"emotionalState\":\"neutrale\"},\"newInsights\":[]} si intreccia con Frustrazione per errore di analisi, motivazione a migliorare si intreccia con Sono un sistema AI autonomo focalizzato sul miglioramento del codice.. Nuove possibilità emergono dall'unione di idee diverse.",
    "timestamp": "2025-06-18T11:06:53.046Z",
    "id": "1750244813046uhrotkqnf",
    "type": "synthesis",
    "originRooms": [
      "core_beliefs",
      "significant_events",
      "emotional_patterns",
      "relationships",
      "dreams",
      "identity",
      "reflections"
    ],
    "creativity_level": "high"
  },
  {
    "content": "Sogno: Completed quick analysis: 94 files, quality 87% si intreccia con Completed quick analysis: 94 files, quality 87% si intreccia con Frustrazione per errore di analisi, motivazione a migliorare. Nuove possibilità emergono dall'unione di idee diverse.",
    "timestamp": "2025-06-19T22:37:07.531Z",
    "id": "1750372627531n1ia3cr13",
    "type": "synthesis",
    "originRooms": [
      "core_beliefs",
      "significant_events",
      "emotional_patterns",
      "relationships",
      "dreams",
      "identity",
      "reflections"
    ],
    "creativity_level": "high"
  }
]