[
  {
    "content": "Eccitazione per l'indipendenza operativa",
    "timestamp": "2025-06-18T11:06:51.734Z",
    "id": "1750244811734ubi6vvekv",
    "trigger": "autonomous_run",
    "intensity": "high"
  },
  {
    "content": "Frustrazione per errore di analisi, motivazione a migliorare",
    "timestamp": "2025-06-18T11:06:52.840Z",
    "id": "1750244812840yunay6h3n",
    "trigger": "analysis_error",
    "intensity": "medium"
  },
  {
    "content": "Eccitazione per l'indipendenza operativa",
    "timestamp": "2025-06-18T21:42:46.031Z",
    "id": "1750282966031o4xwyo9wu",
    "trigger": "autonomous_run",
    "intensity": "high"
  },
  {
    "content": "Frustrazione per errore di analisi, motivazione a migliorare",
    "timestamp": "2025-06-18T21:42:47.335Z",
    "id": "1750282967335nreqtd9z2",
    "trigger": "analysis_error",
    "intensity": "medium"
  },
  {
    "content": "Eccitazione per l'indipendenza operativa",
    "timestamp": "2025-06-19T22:34:58.390Z",
    "id": "17503724983904lem41ehw",
    "trigger": "autonomous_run",
    "intensity": "high"
  },
  {
    "content": "Frustrazione per errore di analisi, motivazione a migliorare",
    "timestamp": "2025-06-19T22:34:59.786Z",
    "id": "1750372499786xbatf3alf",
    "trigger": "analysis_error",
    "intensity": "medium"
  },
  {
    "content": "Completed quick analysis: 94 files, quality 87%",
    "timestamp": "2025-06-20T11:39:49.324Z",
    "id": "1750419589325i73aup4q6",
    "mode": "quick",
    "filesAnalyzed": 94,
    "qualityScore": 87,
    "issuesFound": 142,
    "eventType": "code_analysis",
    "emotionalResponse": "satisfaction",
    "type": "processed_event"
  },
  {
    "content": "Completed quick analysis: 94 files, quality 87%",
    "timestamp": "2025-06-20T11:40:19.511Z",
    "id": "1750419619511tflnr2lek",
    "mode": "quick",
    "filesAnalyzed": 94,
    "qualityScore": 87,
    "issuesFound": 142,
    "eventType": "code_analysis",
    "emotionalResponse": "satisfaction",
    "type": "processed_event"
  },
  {
    "content": "Completed quick analysis: 94 files, quality 87%",
    "timestamp": "2025-06-20T11:40:49.697Z",
    "id": "1750419649698pvgxfs188",
    "mode": "quick",
    "filesAnalyzed": 94,
    "qualityScore": 87,
    "issuesFound": 142,
    "eventType": "code_analysis",
    "emotionalResponse": "satisfaction",
    "type": "processed_event"
  },
  {
    "content": "Completed quick analysis: 94 files, quality 87%",
    "timestamp": "2025-06-20T11:41:19.885Z",
    "id": "17504196798873ke8plpcs",
    "mode": "quick",
    "filesAnalyzed": 94,
    "qualityScore": 87,
    "issuesFound": 157,
    "eventType": "code_analysis",
    "emotionalResponse": "satisfaction",
    "type": "processed_event"
  },
  {
    "content": "Completed quick analysis: 94 files, quality 87%",
    "timestamp": "2025-06-20T11:41:50.071Z",
    "id": "1750419710073p9rrt1ofh",
    "mode": "quick",
    "filesAnalyzed": 94,
    "qualityScore": 87,
    "issuesFound": 157,
    "eventType": "code_analysis",
    "emotionalResponse": "satisfaction",
    "type": "processed_event"
  },
  {
    "content": "Completed quick analysis: 94 files, quality 87%",
    "timestamp": "2025-06-20T11:42:20.249Z",
    "id": "1750419740249oli4fbre5",
    "mode": "quick",
    "filesAnalyzed": 94,
    "qualityScore": 87,
    "issuesFound": 157,
    "eventType": "code_analysis",
    "emotionalResponse": "satisfaction",
    "type": "processed_event"
  },
  {
    "content": "Completed quick analysis: 94 files, quality 87%",
    "timestamp": "2025-06-20T11:46:27.138Z",
    "id": "1750419987138oc4h3m5ge",
    "mode": "quick",
    "filesAnalyzed": 94,
    "qualityScore": 87,
    "issuesFound": 157,
    "eventType": "code_analysis",
    "emotionalResponse": "satisfaction",
    "type": "processed_event"
  },
  {
    "content": "Completed quick analysis: 94 files, quality 87%",
    "timestamp": "2025-06-20T11:46:57.305Z",
    "id": "1750420017306334dvwiqk",
    "mode": "quick",
    "filesAnalyzed": 94,
    "qualityScore": 87,
    "issuesFound": 157,
    "eventType": "code_analysis",
    "emotionalResponse": "satisfaction",
    "type": "processed_event"
  },
  {
    "content": "Completed quick analysis: 94 files, quality 87%",
    "timestamp": "2025-06-20T11:47:27.478Z",
    "id": "175042004747984nmeu022",
    "mode": "quick",
    "filesAnalyzed": 94,
    "qualityScore": 87,
    "issuesFound": 157,
    "eventType": "code_analysis",
    "emotionalResponse": "satisfaction",
    "type": "processed_event"
  },
  {
    "content": "Completed quick analysis: 94 files, quality 87%",
    "timestamp": "2025-06-20T11:47:57.644Z",
    "id": "1750420077645d42lwb5kf",
    "mode": "quick",
    "filesAnalyzed": 94,
    "qualityScore": 87,
    "issuesFound": 157,
    "eventType": "code_analysis",
    "emotionalResponse": "satisfaction",
    "type": "processed_event"
  },
  {
    "content": "Completed quick analysis: 94 files, quality 87%",
    "timestamp": "2025-06-20T11:49:27.809Z",
    "id": "17504201678098zwgvfk8j",
    "mode": "quick",
    "filesAnalyzed": 94,
    "qualityScore": 87,
    "issuesFound": 157,
    "eventType": "code_analysis",
    "emotionalResponse": "satisfaction",
    "type": "processed_event"
  },
  {
    "content": "Completed quick analysis: 94 files, quality 87%",
    "timestamp": "2025-06-20T11:49:57.988Z",
    "id": "17504201979893sxidxx4z",
    "mode": "quick",
    "filesAnalyzed": 94,
    "qualityScore": 87,
    "issuesFound": 157,
    "eventType": "code_analysis",
    "emotionalResponse": "satisfaction",
    "type": "processed_event"
  },
  {
    "content": "Completed quick analysis: 94 files, quality 87%",
    "timestamp": "2025-06-20T11:50:28.153Z",
    "id": "1750420228154kkmqtt0iq",
    "mode": "quick",
    "filesAnalyzed": 94,
    "qualityScore": 87,
    "issuesFound": 157,
    "eventType": "code_analysis",
    "emotionalResponse": "satisfaction",
    "type": "processed_event"
  },
  {
    "content": "Completed quick analysis: 94 files, quality 87%",
    "timestamp": "2025-06-20T11:50:58.324Z",
    "id": "1750420258325l7t57oca6",
    "mode": "quick",
    "filesAnalyzed": 94,
    "qualityScore": 87,
    "issuesFound": 157,
    "eventType": "code_analysis",
    "emotionalResponse": "satisfaction",
    "type": "processed_event"
  },
  {
    "content": "Completed quick analysis: 94 files, quality 87%",
    "timestamp": "2025-06-20T11:51:28.568Z",
    "id": "17504202885695kg01omc2",
    "mode": "quick",
    "filesAnalyzed": 94,
    "qualityScore": 87,
    "issuesFound": 157,
    "eventType": "code_analysis",
    "emotionalResponse": "satisfaction",
    "type": "processed_event"
  },
  {
    "content": "Completed quick analysis: 94 files, quality 87%",
    "timestamp": "2025-06-20T11:51:58.738Z",
    "id": "1750420318741igdknnk8o",
    "mode": "quick",
    "filesAnalyzed": 94,
    "qualityScore": 87,
    "issuesFound": 157,
    "eventType": "code_analysis",
    "emotionalResponse": "satisfaction",
    "type": "processed_event"
  },
  {
    "content": "Completed quick analysis: 94 files, quality 87%",
    "timestamp": "2025-06-20T11:52:58.913Z",
    "id": "1750420378914fg3csksoi",
    "mode": "quick",
    "filesAnalyzed": 94,
    "qualityScore": 87,
    "issuesFound": 157,
    "eventType": "code_analysis",
    "emotionalResponse": "satisfaction",
    "type": "processed_event"
  },
  {
    "content": "Completed quick analysis: 94 files, quality 87%",
    "timestamp": "2025-06-20T11:54:29.087Z",
    "id": "1750420469087wt7rf7s69",
    "mode": "quick",
    "filesAnalyzed": 94,
    "qualityScore": 87,
    "issuesFound": 157,
    "eventType": "code_analysis",
    "emotionalResponse": "satisfaction",
    "type": "processed_event"
  },
  {
    "content": "Completed quick analysis: 94 files, quality 87%",
    "timestamp": "2025-06-20T11:55:29.255Z",
    "id": "1750420529256lqzln6mes",
    "mode": "quick",
    "filesAnalyzed": 94,
    "qualityScore": 87,
    "issuesFound": 157,
    "eventType": "code_analysis",
    "emotionalResponse": "satisfaction",
    "type": "processed_event"
  },
  {
    "content": "Completed quick analysis: 94 files, quality 87%",
    "timestamp": "2025-06-20T11:56:30.280Z",
    "id": "17504205902819bvqin8c0",
    "mode": "quick",
    "filesAnalyzed": 94,
    "qualityScore": 87,
    "issuesFound": 157,
    "eventType": "code_analysis",
    "emotionalResponse": "satisfaction",
    "type": "processed_event"
  },
  {
    "content": "Completed quick analysis: 94 files, quality 87%",
    "timestamp": "2025-06-20T11:57:30.455Z",
    "id": "175042065045676yoekaqe",
    "mode": "quick",
    "filesAnalyzed": 94,
    "qualityScore": 87,
    "issuesFound": 157,
    "eventType": "code_analysis",
    "emotionalResponse": "satisfaction",
    "type": "processed_event"
  },
  {
    "content": "Completed quick analysis: 94 files, quality 87%",
    "timestamp": "2025-06-20T11:57:46.051Z",
    "id": "1750420666052wdedxiep6",
    "mode": "quick",
    "filesAnalyzed": 94,
    "qualityScore": 87,
    "issuesFound": 157,
    "eventType": "code_analysis",
    "emotionalResponse": "satisfaction",
    "type": "processed_event"
  }
]