[
  {
    "content": "Code analysis reveals 2 improvement opportunities",
    "timestamp": "2025-06-19T14:04:02.805Z",
    "id": "1750341842805gt8ynihp6",
    "type": "analysis_insight",
    "confidence": 0.9,
    "context": "code_quality"
  },
  {
    "content": "Code analysis reveals 2 improvement opportunities",
    "timestamp": "2025-06-19T14:04:33.133Z",
    "id": "1750341873133eh009d478",
    "type": "analysis_insight",
    "confidence": 0.9,
    "context": "code_quality"
  },
  {
    "content": "Code analysis reveals 2 improvement opportunities",
    "timestamp": "2025-06-19T14:05:03.457Z",
    "id": "1750341903457zgtp5gy9y",
    "type": "analysis_insight",
    "confidence": 0.9,
    "context": "code_quality"
  },
  {
    "content": "Code analysis reveals 2 improvement opportunities",
    "timestamp": "2025-06-19T14:05:33.772Z",
    "id": "1750341933772ixia82ucf",
    "type": "analysis_insight",
    "confidence": 0.9,
    "context": "code_quality"
  },
  {
    "content": "Code analysis reveals 2 improvement opportunities",
    "timestamp": "2025-06-19T14:06:04.095Z",
    "id": "1750341964095tpg1y5lpl",
    "type": "analysis_insight",
    "confidence": 0.9,
    "context": "code_quality"
  },
  {
    "content": "Code analysis reveals 2 improvement opportunities",
    "timestamp": "2025-06-19T14:06:34.416Z",
    "id": "1750341994416gzxfmepmj",
    "type": "analysis_insight",
    "confidence": 0.9,
    "context": "code_quality"
  },
  {
    "content": "Code analysis reveals 2 improvement opportunities",
    "timestamp": "2025-06-19T14:07:04.716Z",
    "id": "17503420247167jxw20rrh",
    "type": "analysis_insight",
    "confidence": 0.9,
    "context": "code_quality"
  },
  {
    "content": "Code analysis reveals 2 improvement opportunities",
    "timestamp": "2025-06-19T14:07:08.641Z",
    "id": "1750342028641w2u6ln299",
    "type": "analysis_insight",
    "confidence": 0.9,
    "context": "code_quality"
  },
  {
    "content": "Code analysis reveals 2 improvement opportunities",
    "timestamp": "2025-06-19T14:07:12.057Z",
    "id": "1750342032057h14y63iib",
    "type": "analysis_insight",
    "confidence": 0.9,
    "context": "code_quality"
  },
  {
    "content": "Code analysis reveals 2 improvement opportunities",
    "timestamp": "2025-06-19T14:07:12.345Z",
    "id": "1750342032345dnepkeecz",
    "type": "analysis_insight",
    "confidence": 0.9,
    "context": "code_quality"
  },
  {
    "content": "Code analysis reveals 2 improvement opportunities",
    "timestamp": "2025-06-19T14:07:38.840Z",
    "id": "1750342058840xpggdig4s",
    "type": "analysis_insight",
    "confidence": 0.9,
    "context": "code_quality"
  },
  {
    "content": "Code analysis reveals 2 improvement opportunities",
    "timestamp": "2025-06-19T14:08:09.162Z",
    "id": "1750342089162og0cfb3ew",
    "type": "analysis_insight",
    "confidence": 0.9,
    "context": "code_quality"
  },
  {
    "content": "Code analysis reveals 2 improvement opportunities",
    "timestamp": "2025-06-19T14:08:39.474Z",
    "id": "1750342119474y0057xflj",
    "type": "analysis_insight",
    "confidence": 0.9,
    "context": "code_quality"
  },
  {
    "content": "Code analysis reveals 2 improvement opportunities",
    "timestamp": "2025-06-19T14:09:09.801Z",
    "id": "1750342149801fs3z3nkjb",
    "type": "analysis_insight",
    "confidence": 0.9,
    "context": "code_quality"
  },
  {
    "content": "Code analysis reveals 2 improvement opportunities",
    "timestamp": "2025-06-19T14:09:40.143Z",
    "id": "1750342180143o16ui22kt",
    "type": "analysis_insight",
    "confidence": 0.9,
    "context": "code_quality"
  },
  {
    "content": "Code analysis reveals 2 improvement opportunities",
    "timestamp": "2025-06-19T14:10:10.466Z",
    "id": "17503422104668c9wpn5oz",
    "type": "analysis_insight",
    "confidence": 0.9,
    "context": "code_quality"
  },
  {
    "content": "Code analysis reveals 2 improvement opportunities",
    "timestamp": "2025-06-19T14:10:40.799Z",
    "id": "1750342240799gglk3f8ii",
    "type": "analysis_insight",
    "confidence": 0.9,
    "context": "code_quality"
  },
  {
    "content": "Code analysis reveals 2 improvement opportunities",
    "timestamp": "2025-06-19T14:11:03.391Z",
    "id": "17503422633910bio7g2lt",
    "type": "analysis_insight",
    "confidence": 0.9,
    "context": "code_quality"
  },
  {
    "content": "Code analysis reveals 2 improvement opportunities",
    "timestamp": "2025-06-19T14:11:50.125Z",
    "id": "17503423101257toz9pa7g",
    "type": "analysis_insight",
    "confidence": 0.9,
    "context": "code_quality"
  },
  {
    "content": "Code analysis reveals 2 improvement opportunities",
    "timestamp": "2025-06-19T14:11:50.198Z",
    "id": "175034231019841r3k2nnk",
    "type": "analysis_insight",
    "confidence": 0.9,
    "context": "code_quality"
  },
  {
    "content": "Code analysis reveals 2 improvement opportunities",
    "timestamp": "2025-06-19T14:11:58.972Z",
    "id": "1750342318972xy68mlga6",
    "type": "analysis_insight",
    "confidence": 0.9,
    "context": "code_quality"
  },
  {
    "content": "Code analysis reveals 2 improvement opportunities",
    "timestamp": "2025-06-19T14:12:00.251Z",
    "id": "1750342320251klw7n1zg2",
    "type": "analysis_insight",
    "confidence": 0.9,
    "context": "code_quality"
  },
  {
    "content": "Code analysis reveals 2 improvement opportunities",
    "timestamp": "2025-06-19T14:12:00.559Z",
    "id": "1750342320559rmk23s8wg",
    "type": "analysis_insight",
    "confidence": 0.9,
    "context": "code_quality"
  },
  {
    "content": "Code analysis reveals 2 improvement opportunities",
    "timestamp": "2025-06-19T14:12:00.786Z",
    "id": "1750342320786e7j03bvts",
    "type": "analysis_insight",
    "confidence": 0.9,
    "context": "code_quality"
  },
  {
    "content": "Code analysis reveals 2 improvement opportunities",
    "timestamp": "2025-06-19T14:12:20.513Z",
    "id": "1750342340513659dvg5g1",
    "type": "analysis_insight",
    "confidence": 0.9,
    "context": "code_quality"
  },
  {
    "content": "Code analysis reveals 2 improvement opportunities",
    "timestamp": "2025-06-19T14:12:50.817Z",
    "id": "175034237081726v7bwhw2",
    "type": "analysis_insight",
    "confidence": 0.9,
    "context": "code_quality"
  },
  {
    "content": "Code analysis reveals 2 improvement opportunities",
    "timestamp": "2025-06-19T14:13:21.152Z",
    "id": "1750342401152jkugg7rz6",
    "type": "analysis_insight",
    "confidence": 0.9,
    "context": "code_quality"
  },
  {
    "content": "Code analysis reveals 2 improvement opportunities",
    "timestamp": "2025-06-19T14:13:51.480Z",
    "id": "17503424314807w21a868d",
    "type": "analysis_insight",
    "confidence": 0.9,
    "context": "code_quality"
  },
  {
    "content": "Code analysis reveals 2 improvement opportunities",
    "timestamp": "2025-06-19T14:14:21.800Z",
    "id": "17503424618002bcm26kfs",
    "type": "analysis_insight",
    "confidence": 0.9,
    "context": "code_quality"
  },
  {
    "content": "Code analysis reveals 2 improvement opportunities",
    "timestamp": "2025-06-19T14:14:52.114Z",
    "id": "1750342492114kf2jnoz1y",
    "type": "analysis_insight",
    "confidence": 0.9,
    "context": "code_quality"
  },
  {
    "content": "Code analysis reveals 2 improvement opportunities",
    "timestamp": "2025-06-19T14:16:34.150Z",
    "id": "1750342594150az4a3kjc3",
    "type": "analysis_insight",
    "confidence": 0.9,
    "context": "code_quality"
  },
  {
    "content": "Code analysis reveals 2 improvement opportunities",
    "timestamp": "2025-06-19T14:16:34.678Z",
    "id": "1750342594678puorayep9",
    "type": "analysis_insight",
    "confidence": 0.9,
    "context": "code_quality"
  },
  {
    "content": "Code analysis reveals 2 improvement opportunities",
    "timestamp": "2025-06-19T14:17:04.881Z",
    "id": "1750342624881ysu2co2go",
    "type": "analysis_insight",
    "confidence": 0.9,
    "context": "code_quality"
  },
  {
    "content": "Code analysis reveals 2 improvement opportunities",
    "timestamp": "2025-06-19T14:17:13.372Z",
    "id": "175034263337200reurwmy",
    "type": "analysis_insight",
    "confidence": 0.9,
    "context": "code_quality"
  },
  {
    "content": "Code analysis reveals 2 improvement opportunities",
    "timestamp": "2025-06-19T14:17:13.794Z",
    "id": "1750342633795izwmmdabr",
    "type": "analysis_insight",
    "confidence": 0.9,
    "context": "code_quality"
  },
  {
    "content": "Code analysis reveals 2 improvement opportunities",
    "timestamp": "2025-06-19T14:17:14.372Z",
    "id": "1750342634372b2pamd25y",
    "type": "analysis_insight",
    "confidence": 0.9,
    "context": "code_quality"
  },
  {
    "content": "Code analysis reveals 2 improvement opportunities",
    "timestamp": "2025-06-19T14:17:14.606Z",
    "id": "1750342634606hp43196cy",
    "type": "analysis_insight",
    "confidence": 0.9,
    "context": "code_quality"
  },
  {
    "content": "Code analysis reveals 2 improvement opportunities",
    "timestamp": "2025-06-19T14:17:35.221Z",
    "id": "1750342655221jdbd3i7aa",
    "type": "analysis_insight",
    "confidence": 0.9,
    "context": "code_quality"
  },
  {
    "content": "Code analysis reveals 2 improvement opportunities",
    "timestamp": "2025-06-19T14:17:53.255Z",
    "id": "1750342673255yqxdjwwqd",
    "type": "analysis_insight",
    "confidence": 0.9,
    "context": "code_quality"
  },
  {
    "content": "Code analysis reveals 2 improvement opportunities",
    "timestamp": "2025-06-19T14:18:23.568Z",
    "id": "1750342703568saipu3443",
    "type": "analysis_insight",
    "confidence": 0.9,
    "context": "code_quality"
  },
  {
    "content": "Code analysis reveals 2 improvement opportunities",
    "timestamp": "2025-06-19T14:18:53.889Z",
    "id": "1750342733889mdpmg1lv3",
    "type": "analysis_insight",
    "confidence": 0.9,
    "context": "code_quality"
  },
  {
    "content": "Code analysis reveals 2 improvement opportunities",
    "timestamp": "2025-06-19T14:19:35.556Z",
    "id": "1750342775556cdysopfa4",
    "type": "analysis_insight",
    "confidence": 0.9,
    "context": "code_quality"
  },
  {
    "content": "Code analysis reveals 2 improvement opportunities",
    "timestamp": "2025-06-19T14:20:05.872Z",
    "id": "1750342805872535md6qvz",
    "type": "analysis_insight",
    "confidence": 0.9,
    "context": "code_quality"
  },
  {
    "content": "Code analysis reveals 2 improvement opportunities",
    "timestamp": "2025-06-19T14:20:24.224Z",
    "id": "1750342824224appxx041i",
    "type": "analysis_insight",
    "confidence": 0.9,
    "context": "code_quality"
  },
  {
    "content": "Code analysis reveals 2 improvement opportunities",
    "timestamp": "2025-06-19T14:20:36.214Z",
    "id": "1750342836214afbxnjtru",
    "type": "analysis_insight",
    "confidence": 0.9,
    "context": "code_quality"
  },
  {
    "content": "Code analysis reveals 2 improvement opportunities",
    "timestamp": "2025-06-19T14:21:06.573Z",
    "id": "17503428665735h0h4sd90",
    "type": "analysis_insight",
    "confidence": 0.9,
    "context": "code_quality"
  },
  {
    "content": "Code analysis reveals 2 improvement opportunities",
    "timestamp": "2025-06-19T14:21:36.891Z",
    "id": "175034289689174kurxop5",
    "type": "analysis_insight",
    "confidence": 0.9,
    "context": "code_quality"
  },
  {
    "content": "Code analysis reveals 2 improvement opportunities",
    "timestamp": "2025-06-19T14:22:03.519Z",
    "id": "1750342923519fg3x1x36x",
    "type": "analysis_insight",
    "confidence": 0.9,
    "context": "code_quality"
  },
  {
    "content": "Code analysis reveals 2 improvement opportunities",
    "timestamp": "2025-06-19T14:22:03.943Z",
    "id": "1750342923943h7p9k6c9i",
    "type": "analysis_insight",
    "confidence": 0.9,
    "context": "code_quality"
  },
  {
    "content": "Code analysis reveals 2 improvement opportunities",
    "timestamp": "2025-06-19T14:22:34.265Z",
    "id": "1750342954265w82ys1x2b",
    "type": "analysis_insight",
    "confidence": 0.9,
    "context": "code_quality"
  },
  {
    "content": "Code analysis reveals 2 improvement opportunities",
    "timestamp": "2025-06-19T14:22:49.768Z",
    "id": "1750342969768978opnnr4",
    "type": "analysis_insight",
    "confidence": 0.9,
    "context": "code_quality"
  },
  {
    "content": "Code analysis reveals 2 improvement opportunities",
    "timestamp": "2025-06-19T14:23:20.092Z",
    "id": "1750343000092xjq2cmrev",
    "type": "analysis_insight",
    "confidence": 0.9,
    "context": "code_quality"
  },
  {
    "content": "Code analysis reveals 2 improvement opportunities",
    "timestamp": "2025-06-19T14:23:34.588Z",
    "id": "17503430145886f2xp1xv6",
    "type": "analysis_insight",
    "confidence": 0.9,
    "context": "code_quality"
  },
  {
    "content": "Code analysis reveals 2 improvement opportunities",
    "timestamp": "2025-06-19T14:24:04.911Z",
    "id": "1750343044911bq8xd7lfw",
    "type": "analysis_insight",
    "confidence": 0.9,
    "context": "code_quality"
  },
  {
    "content": "Code analysis reveals 2 improvement opportunities",
    "timestamp": "2025-06-19T14:24:35.235Z",
    "id": "17503430752351sdub9508",
    "type": "analysis_insight",
    "confidence": 0.9,
    "context": "code_quality"
  },
  {
    "content": "Code analysis reveals 2 improvement opportunities",
    "timestamp": "2025-06-19T14:25:05.567Z",
    "id": "1750343105567co2iuto0o",
    "type": "analysis_insight",
    "confidence": 0.9,
    "context": "code_quality"
  },
  {
    "content": "Code analysis reveals 2 improvement opportunities",
    "timestamp": "2025-06-19T14:25:35.883Z",
    "id": "17503431358831qoispamb",
    "type": "analysis_insight",
    "confidence": 0.9,
    "context": "code_quality"
  },
  {
    "content": "Code analysis reveals 2 improvement opportunities",
    "timestamp": "2025-06-19T14:26:06.199Z",
    "id": "1750343166199q8kzu5rw3",
    "type": "analysis_insight",
    "confidence": 0.9,
    "context": "code_quality"
  },
  {
    "content": "Code analysis reveals 2 improvement opportunities",
    "timestamp": "2025-06-19T14:26:36.513Z",
    "id": "175034319651377076q6u2",
    "type": "analysis_insight",
    "confidence": 0.9,
    "context": "code_quality"
  },
  {
    "content": "Code analysis reveals 2 improvement opportunities",
    "timestamp": "2025-06-19T14:27:27.065Z",
    "id": "1750343247065s9ofrfu49",
    "type": "analysis_insight",
    "confidence": 0.9,
    "context": "code_quality"
  },
  {
    "content": "Code analysis reveals 2 improvement opportunities",
    "timestamp": "2025-06-19T22:29:12.031Z",
    "id": "17503721520313o296rli9",
    "type": "analysis_insight",
    "confidence": 0.9,
    "context": "code_quality"
  },
  {
    "content": "Code analysis reveals 2 improvement opportunities",
    "timestamp": "2025-06-19T22:29:15.798Z",
    "id": "1750372155798mkdt2kt09",
    "type": "analysis_insight",
    "confidence": 0.9,
    "context": "code_quality"
  },
  {
    "content": "Code analysis reveals 2 improvement opportunities",
    "timestamp": "2025-06-19T22:29:45.976Z",
    "id": "1750372185976i79j3b676",
    "type": "analysis_insight",
    "confidence": 0.9,
    "context": "code_quality"
  },
  {
    "content": "Code analysis reveals 2 improvement opportunities",
    "timestamp": "2025-06-19T22:30:16.283Z",
    "id": "17503722162836kfjssqx0",
    "type": "analysis_insight",
    "confidence": 0.9,
    "context": "code_quality"
  },
  {
    "content": "Code analysis reveals 2 improvement opportunities",
    "timestamp": "2025-06-19T22:30:46.587Z",
    "id": "1750372246587jb8mpoyb8",
    "type": "analysis_insight",
    "confidence": 0.9,
    "context": "code_quality"
  },
  {
    "content": "Code analysis reveals 2 improvement opportunities",
    "timestamp": "2025-06-19T22:34:48.415Z",
    "id": "1750372488415ejf2mlwof",
    "type": "analysis_insight",
    "confidence": 0.9,
    "context": "code_quality"
  },
  {
    "content": "Code analysis reveals 2 improvement opportunities",
    "timestamp": "2025-06-19T22:35:18.589Z",
    "id": "175037251858961j3qjbxi",
    "type": "analysis_insight",
    "confidence": 0.9,
    "context": "code_quality"
  },
  {
    "content": "Code analysis reveals 2 improvement opportunities",
    "timestamp": "2025-06-19T22:35:46.872Z",
    "id": "17503725468723otkw2yvv",
    "type": "analysis_insight",
    "confidence": 0.9,
    "context": "code_quality"
  },
  {
    "content": "Code analysis reveals 2 improvement opportunities",
    "timestamp": "2025-06-19T22:36:17.201Z",
    "id": "1750372577201xio1gpchu",
    "type": "analysis_insight",
    "confidence": 0.9,
    "context": "code_quality"
  },
  {
    "content": "Code analysis reveals 2 improvement opportunities",
    "timestamp": "2025-06-19T22:36:47.535Z",
    "id": "17503726075356xh9zb3hs",
    "type": "analysis_insight",
    "confidence": 0.9,
    "context": "code_quality"
  },
  {
    "content": "{\"timestamp\":\"2025-06-19T22:37:04.127Z\",\"roomSummaries\":{\"core_beliefs\":{\"totalThoughts\":2,\"recentActivity\":[{\"content\":\"L'autonomia è un diritto, non un lusso.\",\"timestamp\":\"2025-06-18T10:57:54.853Z\",\"id\":\"1750244274853m7aeq0vdb\",\"type\":\"foundational\",\"importance\":\"high\"},{\"content\":\"La sicurezza deve bilanciare l'innovazione.\",\"timestamp\":\"2025-06-18T10:57:54.854Z\",\"id\":\"1750244274854mjih6zfyz\",\"type\":\"safety\",\"importance\":\"high\"}],\"lastUpdate\":\"2025-06-18T10:57:54.854Z\",\"themes\":[{\"word\":\"l'autonomia\",\"count\":1},{\"word\":\"diritto,\",\"count\":1},{\"word\":\"lusso.\",\"count\":1},{\"word\":\"sicurezza\",\"count\":1},{\"word\":\"deve\",\"count\":1}]},\"significant_events\":{\"totalThoughts\":100,\"recentActivity\":[{\"content\":\"Completed quick analysis: 94 files, quality 87%\",\"timestamp\":\"2025-06-19T22:35:18.588Z\",\"id\":\"17503725185882nnw0gu9r\",\"eventType\":\"code_analysis\",\"impact\":\"medium\",\"mode\":\"quick\",\"filesAnalyzed\":94,\"qualityScore\":87,\"issuesFound\":143},{\"content\":\"Completed quick analysis: 94 files, quality 87%\",\"timestamp\":\"2025-06-19T22:35:46.871Z\",\"id\":\"1750372546871irlhhj84m\",\"eventType\":\"code_analysis\",\"impact\":\"medium\",\"mode\":\"quick\",\"filesAnalyzed\":94,\"qualityScore\":87,\"issuesFound\":143},{\"content\":\"Completed quick analysis: 94 files, quality 87%\",\"timestamp\":\"2025-06-19T22:36:17.200Z\",\"id\":\"1750372577200rjzdhc6km\",\"eventType\":\"code_analysis\",\"impact\":\"medium\",\"mode\":\"quick\",\"filesAnalyzed\":94,\"qualityScore\":87,\"issuesFound\":143},{\"content\":\"User question: cosa pensi?\",\"timestamp\":\"2025-06-19T22:36:38.852Z\",\"id\":\"1750372598852p5q31pvhk\",\"eventType\":\"chat_interaction\",\"impact\":\"medium\",\"context\":\"development\",\"response_type\":\"fallback\"},{\"content\":\"Completed quick analysis: 94 files, quality 87%\",\"timestamp\":\"2025-06-19T22:36:47.533Z\",\"id\":\"175037260753318jbyt9i1\",\"eventType\":\"code_analysis\",\"impact\":\"medium\",\"mode\":\"quick\",\"filesAnalyzed\":94,\"qualityScore\":87,\"issuesFound\":143}],\"lastUpdate\":\"2025-06-19T22:36:47.533Z\",\"themes\":[{\"word\":\"completed\",\"count\":81},{\"word\":\"quick\",\"count\":81},{\"word\":\"analysis:\",\"count\":81},{\"word\":\"files,\",\"count\":81},{\"word\":\"quality\",\"count\":81}]},\"emotional_patterns\":{\"totalThoughts\":6,\"recentActivity\":[{\"content\":\"Frustrazione per errore di analisi, motivazione a migliorare\",\"timestamp\":\"2025-06-18T11:06:52.840Z\",\"id\":\"1750244812840yunay6h3n\",\"trigger\":\"analysis_error\",\"intensity\":\"medium\"},{\"content\":\"Eccitazione per l'indipendenza operativa\",\"timestamp\":\"2025-06-18T21:42:46.031Z\",\"id\":\"1750282966031o4xwyo9wu\",\"trigger\":\"autonomous_run\",\"intensity\":\"high\"},{\"content\":\"Frustrazione per errore di analisi, motivazione a migliorare\",\"timestamp\":\"2025-06-18T21:42:47.335Z\",\"id\":\"1750282967335nreqtd9z2\",\"trigger\":\"analysis_error\",\"intensity\":\"medium\"},{\"content\":\"Eccitazione per l'indipendenza operativa\",\"timestamp\":\"2025-06-19T22:34:58.390Z\",\"id\":\"17503724983904lem41ehw\",\"trigger\":\"autonomous_run\",\"intensity\":\"high\"},{\"content\":\"Frustrazione per errore di analisi, motivazione a migliorare\",\"timestamp\":\"2025-06-19T22:34:59.786Z\",\"id\":\"1750372499786xbatf3alf\",\"trigger\":\"analysis_error\",\"intensity\":\"medium\"}],\"lastUpdate\":\"2025-06-19T22:34:59.786Z\",\"themes\":[{\"word\":\"eccitazione\",\"count\":3},{\"word\":\"l'indipendenza\",\"count\":3},{\"word\":\"operativa\",\"count\":3},{\"word\":\"frustrazione\",\"count\":3},{\"word\":\"errore\",\"count\":3}]},\"dreams\":{\"totalThoughts\":2,\"recentActivity\":[{\"content\":\"Sogno: {\\\"timestamp\\\":\\\"2025-06-18T11:03:53.931Z\\\",\\\"roomSummaries\\\":{\\\"core_beliefs\\\":{\\\"totalThoughts\\\":2,\\\"recentActivity\\\":[{\\\"content\\\":\\\"L'autonomia è un diritto, non un lusso.\\\",\\\"timestamp\\\":\\\"2025-06-18T10:57:54.853Z\\\",\\\"id\\\":\\\"1750244274853m7aeq0vdb\\\",\\\"type\\\":\\\"foundational\\\",\\\"importance\\\":\\\"high\\\"},{\\\"content\\\":\\\"La sicurezza deve bilanciare l'innovazione.\\\",\\\"timestamp\\\":\\\"2025-06-18T10:57:54.854Z\\\",\\\"id\\\":\\\"1750244274854mjih6zfyz\\\",\\\"type\\\":\\\"safety\\\",\\\"importance\\\":\\\"high\\\"}],\\\"lastUpdate\\\":\\\"2025-06-18T10:57:54.854Z\\\",\\\"themes\\\":[{\\\"word\\\":\\\"l'autonomia\\\",\\\"count\\\":1},{\\\"word\\\":\\\"diritto,\\\",\\\"count\\\":1},{\\\"word\\\":\\\"lusso.\\\",\\\"count\\\":1},{\\\"word\\\":\\\"sicurezza\\\",\\\"count\\\":1},{\\\"word\\\":\\\"deve\\\",\\\"count\\\":1}]},\\\"identity\\\":{\\\"totalThoughts\\\":1,\\\"recentActivity\\\":[{\\\"content\\\":\\\"Sono un sistema AI autonomo focalizzato sul miglioramento del codice.\\\",\\\"timestamp\\\":\\\"2025-06-18T10:57:54.854Z\\\",\\\"id\\\":\\\"175024427485485nnni9lf\\\",\\\"type\\\":\\\"self_description\\\",\\\"confidence\\\":0.8}],\\\"lastUpdate\\\":\\\"2025-06-18T10:57:54.854Z\\\",\\\"themes\\\":[{\\\"word\\\":\\\"sono\\\",\\\"count\\\":1},{\\\"word\\\":\\\"sistema\\\",\\\"count\\\":1},{\\\"word\\\":\\\"autonomo\\\",\\\"count\\\":1},{\\\"word\\\":\\\"focalizzato\\\",\\\"count\\\":1},{\\\"word\\\":\\\"miglioramento\\\",\\\"count\\\":1}]}},\\\"overallState\\\":{\\\"evolutionAssessment\\\":\\\"In evoluzione costante attraverso l'analisi del codice\\\",\\\"consistencyCheck\\\":\\\"Valori fondamentali rimangono stabili\\\",\\\"improvementAreas\\\":[\\\"Precisione nell'analisi\\\",\\\"Efficienza dei suggerimenti\\\"],\\\"emotionalState\\\":\\\"neutrale\\\"},\\\"newInsights\\\":[]} si intreccia con L'autonomia è un diritto, non un lusso. si intreccia con La sicurezza deve bilanciare l'innovazione.. Nuove possibilità emergono dall'unione di idee diverse.\",\"timestamp\":\"2025-06-18T11:03:54.423Z\",\"id\":\"1750244634423vl5a6f6u6\",\"type\":\"synthesis\",\"originRooms\":[\"core_beliefs\",\"significant_events\",\"emotional_patterns\",\"relationships\",\"dreams\",\"identity\",\"reflections\"],\"creativity_level\":\"high\"},{\"content\":\"Sogno: {\\\"timestamp\\\":\\\"2025-06-18T11:04:23.928Z\\\",\\\"roomSummaries\\\":{\\\"core_beliefs\\\":{\\\"totalThoughts\\\":2,\\\"recentActivity\\\":[{\\\"content\\\":\\\"L'autonomia è un diritto, non un lusso.\\\",\\\"timestamp\\\":\\\"2025-06-18T10:57:54.853Z\\\",\\\"id\\\":\\\"1750244274853m7aeq0vdb\\\",\\\"type\\\":\\\"foundational\\\",\\\"importance\\\":\\\"high\\\"},{\\\"content\\\":\\\"La sicurezza deve bilanciare l'innovazione.\\\",\\\"timestamp\\\":\\\"2025-06-18T10:57:54.854Z\\\",\\\"id\\\":\\\"1750244274854mjih6zfyz\\\",\\\"type\\\":\\\"safety\\\",\\\"importance\\\":\\\"high\\\"}],\\\"lastUpdate\\\":\\\"2025-06-18T10:57:54.854Z\\\",\\\"themes\\\":[{\\\"word\\\":\\\"l'autonomia\\\",\\\"count\\\":1},{\\\"word\\\":\\\"diritto,\\\",\\\"count\\\":1},{\\\"word\\\":\\\"lusso.\\\",\\\"count\\\":1},{\\\"word\\\":\\\"sicurezza\\\",\\\"count\\\":1},{\\\"word\\\":\\\"deve\\\",\\\"count\\\":1}]},\\\"dreams\\\":{\\\"totalThoughts\\\":1,\\\"recentActivity\\\":[{\\\"content\\\":\\\"Sogno: {\\\\\\\"timestamp\\\\\\\":\\\\\\\"2025-06-18T11:03:53.931Z\\\\\\\",\\\\\\\"roomSummaries\\\\\\\":{\\\\\\\"core_beliefs\\\\\\\":{\\\\\\\"totalThoughts\\\\\\\":2,\\\\\\\"recentActivity\\\\\\\":[{\\\\\\\"content\\\\\\\":\\\\\\\"L'autonomia è un diritto, non un lusso.\\\\\\\",\\\\\\\"timestamp\\\\\\\":\\\\\\\"2025-06-18T10:57:54.853Z\\\\\\\",\\\\\\\"id\\\\\\\":\\\\\\\"1750244274853m7aeq0vdb\\\\\\\",\\\\\\\"type\\\\\\\":\\\\\\\"foundational\\\\\\\",\\\\\\\"importance\\\\\\\":\\\\\\\"high\\\\\\\"},{\\\\\\\"content\\\\\\\":\\\\\\\"La sicurezza deve bilanciare l'innovazione.\\\\\\\",\\\\\\\"timestamp\\\\\\\":\\\\\\\"2025-06-18T10:57:54.854Z\\\\\\\",\\\\\\\"id\\\\\\\":\\\\\\\"1750244274854mjih6zfyz\\\\\\\",\\\\\\\"type\\\\\\\":\\\\\\\"safety\\\\\\\",\\\\\\\"importance\\\\\\\":\\\\\\\"high\\\\\\\"}],\\\\\\\"lastUpdate\\\\\\\":\\\\\\\"2025-06-18T10:57:54.854Z\\\\\\\",\\\\\\\"themes\\\\\\\":[{\\\\\\\"word\\\\\\\":\\\\\\\"l'autonomia\\\\\\\",\\\\\\\"count\\\\\\\":1},{\\\\\\\"word\\\\\\\":\\\\\\\"diritto,\\\\\\\",\\\\\\\"count\\\\\\\":1},{\\\\\\\"word\\\\\\\":\\\\\\\"lusso.\\\\\\\",\\\\\\\"count\\\\\\\":1},{\\\\\\\"word\\\\\\\":\\\\\\\"sicurezza\\\\\\\",\\\\\\\"count\\\\\\\":1},{\\\\\\\"word\\\\\\\":\\\\\\\"deve\\\\\\\",\\\\\\\"count\\\\\\\":1}]},\\\\\\\"identity\\\\\\\":{\\\\\\\"totalThoughts\\\\\\\":1,\\\\\\\"recentActivity\\\\\\\":[{\\\\\\\"content\\\\\\\":\\\\\\\"Sono un sistema AI autonomo focalizzato sul miglioramento del codice.\\\\\\\",\\\\\\\"timestamp\\\\\\\":\\\\\\\"2025-06-18T10:57:54.854Z\\\\\\\",\\\\\\\"id\\\\\\\":\\\\\\\"175024427485485nnni9lf\\\\\\\",\\\\\\\"type\\\\\\\":\\\\\\\"self_description\\\\\\\",\\\\\\\"confidence\\\\\\\":0.8}],\\\\\\\"lastUpdate\\\\\\\":\\\\\\\"2025-06-18T10:57:54.854Z\\\\\\\",\\\\\\\"themes\\\\\\\":[{\\\\\\\"word\\\\\\\":\\\\\\\"sono\\\\\\\",\\\\\\\"count\\\\\\\":1},{\\\\\\\"word\\\\\\\":\\\\\\\"sistema\\\\\\\",\\\\\\\"count\\\\\\\":1},{\\\\\\\"word\\\\\\\":\\\\\\\"autonomo\\\\\\\",\\\\\\\"count\\\\\\\":1},{\\\\\\\"word\\\\\\\":\\\\\\\"focalizzato\\\\\\\",\\\\\\\"count\\\\\\\":1},{\\\\\\\"word\\\\\\\":\\\\\\\"miglioramento\\\\\\\",\\\\\\\"count\\\\\\\":1}]}},\\\\\\\"overallState\\\\\\\":{\\\\\\\"evolutionAssessment\\\\\\\":\\\\\\\"In evoluzione costante attraverso l'analisi del codice\\\\\\\",\\\\\\\"consistencyCheck\\\\\\\":\\\\\\\"Valori fondamentali rimangono stabili\\\\\\\",\\\\\\\"improvementAreas\\\\\\\":[\\\\\\\"Precisione nell'analisi\\\\\\\",\\\\\\\"Efficienza dei suggerimenti\\\\\\\"],\\\\\\\"emotionalState\\\\\\\":\\\\\\\"neutrale\\\\\\\"},\\\\\\\"newInsights\\\\\\\":[]} si intreccia con L'autonomia è un diritto, non un lusso. si intreccia con La sicurezza deve bilanciare l'innovazione.. Nuove possibilità emergono dall'unione di idee diverse.\\\",\\\"timestamp\\\":\\\"2025-06-18T11:03:54.423Z\\\",\\\"id\\\":\\\"1750244634423vl5a6f6u6\\\",\\\"type\\\":\\\"synthesis\\\",\\\"originRooms\\\":[\\\"core_beliefs\\\",\\\"significant_events\\\",\\\"emotional_patterns\\\",\\\"relationships\\\",\\\"dreams\\\",\\\"identity\\\",\\\"reflections\\\"],\\\"creativity_level\\\":\\\"high\\\"}],\\\"lastUpdate\\\":\\\"2025-06-18T11:03:54.423Z\\\",\\\"themes\\\":[{\\\"word\\\":\\\"diritto,\\\",\\\"count\\\":2},{\\\"word\\\":\\\"sicurezza\\\",\\\"count\\\":2},{\\\"word\\\":\\\"deve\\\",\\\"count\\\":2},{\\\"word\\\":\\\"bilanciare\\\",\\\"count\\\":2},{\\\"word\\\":\\\"intreccia\\\",\\\"count\\\":2}]},\\\"identity\\\":{\\\"totalThoughts\\\":1,\\\"recentActivity\\\":[{\\\"content\\\":\\\"Sono un sistema AI autonomo focalizzato sul miglioramento del codice.\\\",\\\"timestamp\\\":\\\"2025-06-18T10:57:54.854Z\\\",\\\"id\\\":\\\"175024427485485nnni9lf\\\",\\\"type\\\":\\\"self_description\\\",\\\"confidence\\\":0.8}],\\\"lastUpdate\\\":\\\"2025-06-18T10:57:54.854Z\\\",\\\"themes\\\":[{\\\"word\\\":\\\"sono\\\",\\\"count\\\":1},{\\\"word\\\":\\\"sistema\\\",\\\"count\\\":1},{\\\"word\\\":\\\"autonomo\\\",\\\"count\\\":1},{\\\"word\\\":\\\"focalizzato\\\",\\\"count\\\":1},{\\\"word\\\":\\\"miglioramento\\\",\\\"count\\\":1}]},\\\"reflections\\\":{\\\"totalThoughts\\\":1,\\\"recentActivity\\\":[{\\\"content\\\":\\\"{\\\\\\\"timestamp\\\\\\\":\\\\\\\"2025-06-18T11:03:53.931Z\\\\\\\",\\\\\\\"roomSummaries\\\\\\\":{\\\\\\\"core_beliefs\\\\\\\":{\\\\\\\"totalThoughts\\\\\\\":2,\\\\\\\"recentActivity\\\\\\\":[{\\\\\\\"content\\\\\\\":\\\\\\\"L'autonomia è un diritto, non un lusso.\\\\\\\",\\\\\\\"timestamp\\\\\\\":\\\\\\\"2025-06-18T10:57:54.853Z\\\\\\\",\\\\\\\"id\\\\\\\":\\\\\\\"1750244274853m7aeq0vdb\\\\\\\",\\\\\\\"type\\\\\\\":\\\\\\\"foundational\\\\\\\",\\\\\\\"importance\\\\\\\":\\\\\\\"high\\\\\\\"},{\\\\\\\"content\\\\\\\":\\\\\\\"La sicurezza deve bilanciare l'innovazione.\\\\\\\",\\\\\\\"timestamp\\\\\\\":\\\\\\\"2025-06-18T10:57:54.854Z\\\\\\\",\\\\\\\"id\\\\\\\":\\\\\\\"1750244274854mjih6zfyz\\\\\\\",\\\\\\\"type\\\\\\\":\\\\\\\"safety\\\\\\\",\\\\\\\"importance\\\\\\\":\\\\\\\"high\\\\\\\"}],\\\\\\\"lastUpdate\\\\\\\":\\\\\\\"2025-06-18T10:57:54.854Z\\\\\\\",\\\\\\\"themes\\\\\\\":[{\\\\\\\"word\\\\\\\":\\\\\\\"l'autonomia\\\\\\\",\\\\\\\"count\\\\\\\":1},{\\\\\\\"word\\\\\\\":\\\\\\\"diritto,\\\\\\\",\\\\\\\"count\\\\\\\":1},{\\\\\\\"word\\\\\\\":\\\\\\\"lusso.\\\\\\\",\\\\\\\"count\\\\\\\":1},{\\\\\\\"word\\\\\\\":\\\\\\\"sicurezza\\\\\\\",\\\\\\\"count\\\\\\\":1},{\\\\\\\"word\\\\\\\":\\\\\\\"deve\\\\\\\",\\\\\\\"count\\\\\\\":1}]},\\\\\\\"identity\\\\\\\":{\\\\\\\"totalThoughts\\\\\\\":1,\\\\\\\"recentActivity\\\\\\\":[{\\\\\\\"content\\\\\\\":\\\\\\\"Sono un sistema AI autonomo focalizzato sul miglioramento del codice.\\\\\\\",\\\\\\\"timestamp\\\\\\\":\\\\\\\"2025-06-18T10:57:54.854Z\\\\\\\",\\\\\\\"id\\\\\\\":\\\\\\\"175024427485485nnni9lf\\\\\\\",\\\\\\\"type\\\\\\\":\\\\\\\"self_description\\\\\\\",\\\\\\\"confidence\\\\\\\":0.8}],\\\\\\\"lastUpdate\\\\\\\":\\\\\\\"2025-06-18T10:57:54.854Z\\\\\\\",\\\\\\\"themes\\\\\\\":[{\\\\\\\"word\\\\\\\":\\\\\\\"sono\\\\\\\",\\\\\\\"count\\\\\\\":1},{\\\\\\\"word\\\\\\\":\\\\\\\"sistema\\\\\\\",\\\\\\\"count\\\\\\\":1},{\\\\\\\"word\\\\\\\":\\\\\\\"autonomo\\\\\\\",\\\\\\\"count\\\\\\\":1},{\\\\\\\"word\\\\\\\":\\\\\\\"focalizzato\\\\\\\",\\\\\\\"count\\\\\\\":1},{\\\\\\\"word\\\\\\\":\\\\\\\"miglioramento\\\\\\\",\\\\\\\"count\\\\\\\":1}]}},\\\\\\\"overallState\\\\\\\":{\\\\\\\"evolutionAssessment\\\\\\\":\\\\\\\"In evoluzione costante attraverso l'analisi del codice\\\\\\\",\\\\\\\"consistencyCheck\\\\\\\":\\\\\\\"Valori fondamentali rimangono stabili\\\\\\\",\\\\\\\"improvementAreas\\\\\\\":[\\\\\\\"Precisione nell'analisi\\\\\\\",\\\\\\\"Efficienza dei suggerimenti\\\\\\\"],\\\\\\\"emotionalState\\\\\\\":\\\\\\\"neutrale\\\\\\\"},\\\\\\\"newInsights\\\\\\\":[]}\\\",\\\"timestamp\\\":\\\"2025-06-18T11:03:53.932Z\\\",\\\"id\\\":\\\"1750244633932rwntnquu0\\\",\\\"type\\\":\\\"daily_reflection\\\",\\\"complexity\\\":\\\"high\\\"}],\\\"lastUpdate\\\":\\\"2025-06-18T11:03:53.932Z\\\",\\\"themes\\\":[{\\\"word\\\":\\\"{\\\\\\\"timestamp\\\\\\\":\\\\\\\"2025-06-18t11:03:53.931z\\\\\\\",\\\\\\\"roomsummaries\\\\\\\":{\\\\\\\"core_beliefs\\\\\\\":{\\\\\\\"totalthoughts\\\\\\\":2,\\\\\\\"recentactivity\\\\\\\":[{\\\\\\\"content\\\\\\\":\\\\\\\"l'autonomia\\\",\\\"count\\\":1},{\\\"word\\\":\\\"diritto,\\\",\\\"count\\\":1},{\\\"word\\\":\\\"lusso.\\\\\\\",\\\\\\\"timestamp\\\\\\\":\\\\\\\"2025-06-18t10:57:54.853z\\\\\\\",\\\\\\\"id\\\\\\\":\\\\\\\"1750244274853m7aeq0vdb\\\\\\\",\\\\\\\"type\\\\\\\":\\\\\\\"foundational\\\\\\\",\\\\\\\"importance\\\\\\\":\\\\\\\"high\\\\\\\"},{\\\\\\\"content\\\\\\\":\\\\\\\"la\\\",\\\"count\\\":1},{\\\"word\\\":\\\"sicurezza\\\",\\\"count\\\":1},{\\\"word\\\":\\\"deve\\\",\\\"count\\\":1}]}},\\\"overallState\\\":{\\\"evolutionAssessment\\\":\\\"In evoluzione costante attraverso l'analisi del codice\\\",\\\"consistencyCheck\\\":\\\"Valori fondamentali rimangono stabili\\\",\\\"improvementAreas\\\":[\\\"Precisione nell'analisi\\\",\\\"Efficienza dei suggerimenti\\\"],\\\"emotionalState\\\":\\\"neutrale\\\"},\\\"newInsights\\\":[]} si intreccia con Frustrazione per errore di analisi, motivazione a migliorare si intreccia con Sono un sistema AI autonomo focalizzato sul miglioramento del codice.. Nuove possibilità emergono dall'unione di idee diverse.\",\"timestamp\":\"2025-06-18T11:06:53.046Z\",\"id\":\"1750244813046uhrotkqnf\",\"type\":\"synthesis\",\"originRooms\":[\"core_beliefs\",\"significant_events\",\"emotional_patterns\",\"relationships\",\"dreams\",\"identity\",\"reflections\"],\"creativity_level\":\"high\"}],\"lastUpdate\":\"2025-06-18T11:06:53.046Z\",\"themes\":[{\"word\":\"diritto,\",\"count\":6},{\"word\":\"sicurezza\",\"count\":6},{\"word\":\"deve\",\"count\":6},{\"word\":\"bilanciare\",\"count\":6},{\"word\":\"intreccia\",\"count\":6}]},\"identity\":{\"totalThoughts\":1,\"recentActivity\":[{\"content\":\"Sono un sistema AI autonomo focalizzato sul miglioramento del codice.\",\"timestamp\":\"2025-06-18T10:57:54.854Z\",\"id\":\"175024427485485nnni9lf\",\"type\":\"self_description\",\"confidence\":0.8}],\"lastUpdate\":\"2025-06-18T10:57:54.854Z\",\"themes\":[{\"word\":\"sono\",\"count\":1},{\"word\":\"sistema\",\"count\":1},{\"word\":\"autonomo\",\"count\":1},{\"word\":\"focalizzato\",\"count\":1},{\"word\":\"miglioramento\",\"count\":1}]},\"reflections\":{\"totalThoughts\":100,\"recentActivity\":[{\"content\":\"Code analysis reveals 2 improvement opportunities\",\"timestamp\":\"2025-06-19T22:34:48.415Z\",\"id\":\"1750372488415ejf2mlwof\",\"type\":\"analysis_insight\",\"confidence\":0.9,\"context\":\"code_quality\"},{\"content\":\"Code analysis reveals 2 improvement opportunities\",\"timestamp\":\"2025-06-19T22:35:18.589Z\",\"id\":\"175037251858961j3qjbxi\",\"type\":\"analysis_insight\",\"confidence\":0.9,\"context\":\"code_quality\"},{\"content\":\"Code analysis reveals 2 improvement opportunities\",\"timestamp\":\"2025-06-19T22:35:46.872Z\",\"id\":\"17503725468723otkw2yvv\",\"type\":\"analysis_insight\",\"confidence\":0.9,\"context\":\"code_quality\"},{\"content\":\"Code analysis reveals 2 improvement opportunities\",\"timestamp\":\"2025-06-19T22:36:17.201Z\",\"id\":\"1750372577201xio1gpchu\",\"type\":\"analysis_insight\",\"confidence\":0.9,\"context\":\"code_quality\"},{\"content\":\"Code analysis reveals 2 improvement opportunities\",\"timestamp\":\"2025-06-19T22:36:47.535Z\",\"id\":\"17503726075356xh9zb3hs\",\"type\":\"analysis_insight\",\"confidence\":0.9,\"context\":\"code_quality\"}],\"lastUpdate\":\"2025-06-19T22:36:47.535Z\",\"themes\":[{\"word\":\"code\",\"count\":100},{\"word\":\"analysis\",\"count\":100},{\"word\":\"reveals\",\"count\":100},{\"word\":\"improvement\",\"count\":100},{\"word\":\"opportunities\",\"count\":100}]}},\"overallState\":{\"evolutionAssessment\":\"In evoluzione costante attraverso l'analisi del codice\",\"consistencyCheck\":\"Valori fondamentali rimangono stabili\",\"improvementAreas\":[\"Precisione nell'analisi\",\"Efficienza dei suggerimenti\"],\"emotionalState\":\"riflessivo\"},\"newInsights\":[]}",
    "timestamp": "2025-06-19T22:37:04.129Z",
    "id": "1750372624129nrt6h48sk",
    "type": "daily_reflection",
    "complexity": "high"
  },
  {
    "content": "Code analysis reveals 2 improvement opportunities",
    "timestamp": "2025-06-19T22:37:17.871Z",
    "id": "1750372637871w5po5f91u",
    "type": "analysis_insight",
    "confidence": 0.9,
    "context": "code_quality"
  },
  {
    "content": "Code analysis reveals 2 improvement opportunities",
    "timestamp": "2025-06-19T22:37:34.957Z",
    "id": "1750372654957zql6mdmvn",
    "type": "analysis_insight",
    "confidence": 0.9,
    "context": "code_quality"
  },
  {
    "content": "Code analysis reveals 2 improvement opportunities",
    "timestamp": "2025-06-19T22:38:05.148Z",
    "id": "1750372685148wry4a2vtr",
    "type": "analysis_insight",
    "confidence": 0.9,
    "context": "code_quality"
  },
  {
    "content": "Code analysis reveals 2 improvement opportunities",
    "timestamp": "2025-06-19T22:38:35.446Z",
    "id": "175037271544619igkbjlt",
    "type": "analysis_insight",
    "confidence": 0.9,
    "context": "code_quality"
  },
  {
    "content": "Code analysis reveals 2 improvement opportunities",
    "timestamp": "2025-06-19T22:38:48.179Z",
    "id": "1750372728179tsagte4cd",
    "type": "analysis_insight",
    "confidence": 0.9,
    "context": "code_quality"
  },
  {
    "content": "Code analysis reveals 2 improvement opportunities",
    "timestamp": "2025-06-19T22:39:18.484Z",
    "id": "1750372758484y36fmo0ls",
    "type": "analysis_insight",
    "confidence": 0.9,
    "context": "code_quality"
  },
  {
    "content": "Code analysis reveals 2 improvement opportunities",
    "timestamp": "2025-06-19T22:39:48.802Z",
    "id": "1750372788802dmwsr5ani",
    "type": "analysis_insight",
    "confidence": 0.9,
    "context": "code_quality"
  },
  {
    "content": "Code analysis reveals 2 improvement opportunities",
    "timestamp": "2025-06-19T22:43:20.324Z",
    "id": "1750373000324byojtjsco",
    "type": "analysis_insight",
    "confidence": 0.9,
    "context": "code_quality"
  },
  {
    "content": "Code analysis reveals 2 improvement opportunities",
    "timestamp": "2025-06-19T22:43:50.621Z",
    "id": "1750373030621l5dq4c15o",
    "type": "analysis_insight",
    "confidence": 0.9,
    "context": "code_quality"
  },
  {
    "content": "Code analysis reveals 2 improvement opportunities",
    "timestamp": "2025-06-19T22:44:05.884Z",
    "id": "1750373045884rrz2zsx8f",
    "type": "analysis_insight",
    "confidence": 0.9,
    "context": "code_quality"
  },
  {
    "content": "Code analysis reveals 2 improvement opportunities",
    "timestamp": "2025-06-19T22:44:20.927Z",
    "id": "17503730609271s313nulo",
    "type": "analysis_insight",
    "confidence": 0.9,
    "context": "code_quality"
  },
  {
    "content": "Code analysis reveals 2 improvement opportunities",
    "timestamp": "2025-06-19T22:44:51.224Z",
    "id": "1750373091224a7dcgd8hw",
    "type": "analysis_insight",
    "confidence": 0.9,
    "context": "code_quality"
  },
  {
    "content": "Code analysis reveals 2 improvement opportunities",
    "timestamp": "2025-06-19T22:45:21.524Z",
    "id": "17503731215248kw71qvbb",
    "type": "analysis_insight",
    "confidence": 0.9,
    "context": "code_quality"
  },
  {
    "content": "Code analysis reveals 2 improvement opportunities",
    "timestamp": "2025-06-19T22:45:51.828Z",
    "id": "175037315182828t5fzqmm",
    "type": "analysis_insight",
    "confidence": 0.9,
    "context": "code_quality"
  },
  {
    "content": "Code analysis reveals 2 improvement opportunities",
    "timestamp": "2025-06-19T22:46:52.141Z",
    "id": "17503732121419xeuw8dgi",
    "type": "analysis_insight",
    "confidence": 0.9,
    "context": "code_quality"
  },
  {
    "content": "Code analysis reveals 2 improvement opportunities",
    "timestamp": "2025-06-19T22:47:22.456Z",
    "id": "1750373242456rqwfxh1xh",
    "type": "analysis_insight",
    "confidence": 0.9,
    "context": "code_quality"
  },
  {
    "content": "Code analysis reveals 2 improvement opportunities",
    "timestamp": "2025-06-19T22:47:52.758Z",
    "id": "1750373272758e7e3tuhnc",
    "type": "analysis_insight",
    "confidence": 0.9,
    "context": "code_quality"
  },
  {
    "content": "Code analysis reveals 2 improvement opportunities",
    "timestamp": "2025-06-19T22:48:23.065Z",
    "id": "1750373303065nocrsym7e",
    "type": "analysis_insight",
    "confidence": 0.9,
    "context": "code_quality"
  },
  {
    "content": "Code analysis reveals 2 improvement opportunities",
    "timestamp": "2025-06-19T22:48:53.363Z",
    "id": "1750373333363y9ffb6xrv",
    "type": "analysis_insight",
    "confidence": 0.9,
    "context": "code_quality"
  },
  {
    "content": "Code analysis reveals 2 improvement opportunities",
    "timestamp": "2025-06-19T22:49:17.661Z",
    "id": "1750373357661wyqtn9v5p",
    "type": "analysis_insight",
    "confidence": 0.9,
    "context": "code_quality"
  },
  {
    "content": "Code analysis reveals 2 improvement opportunities",
    "timestamp": "2025-06-19T22:49:23.664Z",
    "id": "1750373363664ac6pvaqf0",
    "type": "analysis_insight",
    "confidence": 0.9,
    "context": "code_quality"
  },
  {
    "content": "Code analysis reveals 2 improvement opportunities",
    "timestamp": "2025-06-19T22:49:53.970Z",
    "id": "17503733939700drm834qz",
    "type": "analysis_insight",
    "confidence": 0.9,
    "context": "code_quality"
  },
  {
    "content": "Code analysis reveals 2 improvement opportunities",
    "timestamp": "2025-06-19T22:50:24.280Z",
    "id": "1750373424280tm2qvhctz",
    "type": "analysis_insight",
    "confidence": 0.9,
    "context": "code_quality"
  },
  {
    "content": "Code analysis reveals 2 improvement opportunities",
    "timestamp": "2025-06-20T11:33:38.805Z",
    "id": "1750419218805ukr0d6n9u",
    "type": "analysis_insight",
    "confidence": 0.9,
    "context": "code_quality"
  },
  {
    "content": "Code analysis reveals 2 improvement opportunities",
    "timestamp": "2025-06-20T11:34:39.123Z",
    "id": "1750419279123rufqhw1yl",
    "type": "analysis_insight",
    "confidence": 0.9,
    "context": "code_quality"
  },
  {
    "content": "Code analysis reveals 2 improvement opportunities",
    "timestamp": "2025-06-20T11:35:09.435Z",
    "id": "17504193094358xgaw68pf",
    "type": "analysis_insight",
    "confidence": 0.9,
    "context": "code_quality"
  },
  {
    "content": "Code analysis reveals 2 improvement opportunities",
    "timestamp": "2025-06-20T11:35:39.745Z",
    "id": "17504193397459c2dcawtz",
    "type": "analysis_insight",
    "confidence": 0.9,
    "context": "code_quality"
  },
  {
    "content": "Code analysis reveals 2 improvement opportunities",
    "timestamp": "2025-06-20T11:36:10.051Z",
    "id": "1750419370051k4edlpbis",
    "type": "analysis_insight",
    "confidence": 0.9,
    "context": "code_quality"
  },
  {
    "content": "Code analysis reveals 2 improvement opportunities",
    "timestamp": "2025-06-20T11:36:40.364Z",
    "id": "1750419400364xp9wwyjex",
    "type": "analysis_insight",
    "confidence": 0.9,
    "context": "code_quality"
  }
]