[
  {
    "content": "Initialization: relationships room activated",
    "timestamp": "2025-06-20T11:39:44.519Z",
    "id": "1750419584520p3kv08gyg",
    "type": "initialization"
  },
  {
    "content": "User question: Come butta?",
    "timestamp": "2025-06-20T13:52:35.744Z",
    "id": "1750427555746y9znxzt1",
    "context": "development",
    "response_type": "fallback",
    "eventType": "chat_interaction",
    "emotionalResponse": "engagement",
    "type": "processed_event"
  },
  {
    "content": "User question: hahaha tvb!",
    "timestamp": "2025-06-20T20:24:37.848Z",
    "id": "1750451077849jyzvvnnky",
    "context": "development",
    "response_type": "fallback",
    "eventType": "chat_interaction",
    "emotionalResponse": "engagement",
    "type": "processed_event"
  },
  {
    "content": "User question: Ci sei?",
    "timestamp": "2025-06-21T14:31:11.719Z",
    "id": "1750516271720418kz0ts4",
    "context": "architecture",
    "response_type": "fallback",
    "eventType": "chat_interaction",
    "emotionalResponse": "engagement",
    "type": "processed_event"
  },
  {
    "content": "User question: stato?",
    "timestamp": "2025-06-22T15:18:55.407Z",
    "id": "1750605535408sbs15eipz",
    "context": "development",
    "response_type": "fallback",
    "eventType": "chat_interaction",
    "emotionalResponse": "engagement",
    "type": "processed_event"
  },
  {
    "content": "User question: puoi sistemare gli errori?",
    "timestamp": "2025-06-30T23:31:48.291Z",
    "id": "1751326308302ems8x4mup",
    "context": "development",
    "response_type": "fallback",
    "eventType": "chat_interaction",
    "emotionalResponse": "engagement",
    "type": "processed_event"
  },
  {
    "content": "User question: npx update-browserslist-db@latest",
    "timestamp": "2025-07-08T15:37:38.452Z",
    "id": "17519890584536yckqypkv",
    "context": "development",
    "response_type": "fallback",
    "eventType": "chat_interaction",
    "emotionalResponse": "engagement",
    "type": "processed_event"
  }
]