[
  {
    "content": "Code analysis reveals 2 improvement opportunities",
    "timestamp": "2025-07-08T11:10:57.591Z",
    "id": "17519730575928pp9k4xcb",
    "type": "processed_event",
    "confidence": 0.9,
    "context": "code_quality",
    "eventType": "code_analysis",
    "emotionalResponse": "engagement"
  },
  {
    "content": "Completed quick analysis: 96 files, quality 87%",
    "timestamp": "2025-07-08T14:55:19.933Z",
    "id": "1751986519934yltjhgof1",
    "mode": "quick",
    "filesAnalyzed": 96,
    "qualityScore": 87,
    "issuesFound": 160,
    "eventType": "code_analysis",
    "emotionalResponse": "engagement",
    "type": "processed_event"
  },
  {
    "content": "Code analysis reveals 2 improvement opportunities",
    "timestamp": "2025-07-08T14:55:19.934Z",
    "id": "1751986519935j5l4fq4xy",
    "type": "processed_event",
    "confidence": 0.9,
    "context": "code_quality",
    "eventType": "code_analysis",
    "emotionalResponse": "engagement"
  },
  {
    "content": "Autonomous improvement process initiated",
    "timestamp": "2025-07-08T14:59:25.442Z",
    "id": "17519867654437g24hkd62",
    "impact": "medium",
    "intensity": "high",
    "eventType": "autonomous_run",
    "emotionalResponse": "engagement",
    "type": "processed_event"
  },
  {
    "content": "Generated 2 improvement suggestions",
    "timestamp": "2025-07-08T14:59:25.445Z",
    "id": "1751986765445pgdown70t",
    "impact": "high",
    "suggestions": 2,
    "eventType": "code_improvement_success",
    "emotionalResponse": "engagement",
    "type": "processed_event"
  },
  {
    "content": "Completed quick analysis: 96 files, quality 87%",
    "timestamp": "2025-07-08T14:59:32.976Z",
    "id": "1751986772976nn1e7xg8u",
    "mode": "quick",
    "filesAnalyzed": 96,
    "qualityScore": 87,
    "issuesFound": 160,
    "eventType": "code_analysis",
    "emotionalResponse": "engagement",
    "type": "processed_event"
  },
  {
    "content": "Code analysis reveals 2 improvement opportunities",
    "timestamp": "2025-07-08T14:59:32.977Z",
    "id": "17519867729774gozwg91r",
    "type": "processed_event",
    "confidence": 0.9,
    "context": "code_quality",
    "eventType": "code_analysis",
    "emotionalResponse": "engagement"
  },
  {
    "content": "Completed quick analysis: 96 files, quality 87%",
    "timestamp": "2025-07-08T15:00:02.232Z",
    "id": "1751986802232w75d0nvyk",
    "mode": "quick",
    "filesAnalyzed": 96,
    "qualityScore": 87,
    "issuesFound": 160,
    "eventType": "code_analysis",
    "emotionalResponse": "engagement",
    "type": "processed_event"
  },
  {
    "content": "Code analysis reveals 2 improvement opportunities",
    "timestamp": "2025-07-08T15:00:02.233Z",
    "id": "1751986802234muy7ee29u",
    "type": "processed_event",
    "confidence": 0.9,
    "context": "code_quality",
    "eventType": "code_analysis",
    "emotionalResponse": "engagement"
  },
  {
    "content": "Completed quick analysis: 96 files, quality 87%",
    "timestamp": "2025-07-08T15:00:32.445Z",
    "id": "1751986832446134k1krvj",
    "mode": "quick",
    "filesAnalyzed": 96,
    "qualityScore": 87,
    "issuesFound": 160,
    "eventType": "code_analysis",
    "emotionalResponse": "engagement",
    "type": "processed_event"
  },
  {
    "content": "Code analysis reveals 2 improvement opportunities",
    "timestamp": "2025-07-08T15:00:32.446Z",
    "id": "1751986832447axdz7i5w1",
    "type": "processed_event",
    "confidence": 0.9,
    "context": "code_quality",
    "eventType": "code_analysis",
    "emotionalResponse": "engagement"
  },
  {
    "content": "Completed quick analysis: 96 files, quality 87%",
    "timestamp": "2025-07-08T15:19:31.929Z",
    "id": "17519879719307adgmefsp",
    "mode": "quick",
    "filesAnalyzed": 96,
    "qualityScore": 87,
    "issuesFound": 160,
    "eventType": "code_analysis",
    "emotionalResponse": "engagement",
    "type": "processed_event"
  },
  {
    "content": "Code analysis reveals 2 improvement opportunities",
    "timestamp": "2025-07-08T15:19:31.930Z",
    "id": "1751987971930wnt1mj369",
    "type": "processed_event",
    "confidence": 0.9,
    "context": "code_quality",
    "eventType": "code_analysis",
    "emotionalResponse": "engagement"
  },
  {
    "content": "Autonomous improvement process initiated",
    "timestamp": "2025-07-08T15:19:52.838Z",
    "id": "17519879928387byr16krv",
    "impact": "medium",
    "intensity": "high",
    "eventType": "autonomous_run",
    "emotionalResponse": "engagement",
    "type": "processed_event"
  },
  {
    "content": "Generated 2 improvement suggestions",
    "timestamp": "2025-07-08T15:19:52.841Z",
    "id": "1751987992842furj1d8du",
    "impact": "high",
    "suggestions": 2,
    "eventType": "code_improvement_success",
    "emotionalResponse": "engagement",
    "type": "processed_event"
  },
  {
    "content": "Completed quick analysis: 96 files, quality 87%",
    "timestamp": "2025-07-08T15:20:02.258Z",
    "id": "1751988002258wn6xqwquq",
    "mode": "quick",
    "filesAnalyzed": 96,
    "qualityScore": 87,
    "issuesFound": 160,
    "eventType": "code_analysis",
    "emotionalResponse": "engagement",
    "type": "processed_event"
  },
  {
    "content": "Code analysis reveals 2 improvement opportunities",
    "timestamp": "2025-07-08T15:20:02.259Z",
    "id": "1751988002259ha4lxzh5i",
    "type": "processed_event",
    "confidence": 0.9,
    "context": "code_quality",
    "eventType": "code_analysis",
    "emotionalResponse": "engagement"
  },
  {
    "content": "Completed quick analysis: 96 files, quality 87%",
    "timestamp": "2025-07-08T15:35:46.489Z",
    "id": "1751988946489sik9fwxm9",
    "mode": "quick",
    "filesAnalyzed": 96,
    "qualityScore": 87,
    "issuesFound": 160,
    "eventType": "code_analysis",
    "emotionalResponse": "engagement",
    "type": "processed_event"
  },
  {
    "content": "Code analysis reveals 2 improvement opportunities",
    "timestamp": "2025-07-08T15:35:46.490Z",
    "id": "1751988946490q069fstnn",
    "type": "processed_event",
    "confidence": 0.9,
    "context": "code_quality",
    "eventType": "code_analysis",
    "emotionalResponse": "engagement"
  },
  {
    "content": "Completed quick analysis: 96 files, quality 87%",
    "timestamp": "2025-07-08T15:36:16.971Z",
    "id": "1751988976971uxr2jegh6",
    "mode": "quick",
    "filesAnalyzed": 96,
    "qualityScore": 87,
    "issuesFound": 160,
    "eventType": "code_analysis",
    "emotionalResponse": "engagement",
    "type": "processed_event"
  },
  {
    "content": "Code analysis reveals 2 improvement opportunities",
    "timestamp": "2025-07-08T15:36:16.971Z",
    "id": "17519889769720l0xlybyx",
    "type": "processed_event",
    "confidence": 0.9,
    "context": "code_quality",
    "eventType": "code_analysis",
    "emotionalResponse": "engagement"
  },
  {
    "content": "Completed quick analysis: 96 files, quality 87%",
    "timestamp": "2025-07-08T15:36:31.616Z",
    "id": "1751988991617jx6izoihq",
    "mode": "quick",
    "filesAnalyzed": 96,
    "qualityScore": 87,
    "issuesFound": 160,
    "eventType": "code_analysis",
    "emotionalResponse": "engagement",
    "type": "processed_event"
  },
  {
    "content": "Code analysis reveals 2 improvement opportunities",
    "timestamp": "2025-07-08T15:36:31.619Z",
    "id": "1751988991620zuf4c4kpk",
    "type": "processed_event",
    "confidence": 0.9,
    "context": "code_quality",
    "eventType": "code_analysis",
    "emotionalResponse": "engagement"
  },
  {
    "content": "Completed quick analysis: 96 files, quality 87%",
    "timestamp": "2025-07-08T15:36:47.294Z",
    "id": "1751989007294rntrklfg8",
    "mode": "quick",
    "filesAnalyzed": 96,
    "qualityScore": 87,
    "issuesFound": 160,
    "eventType": "code_analysis",
    "emotionalResponse": "engagement",
    "type": "processed_event"
  },
  {
    "content": "Code analysis reveals 2 improvement opportunities",
    "timestamp": "2025-07-08T15:36:47.295Z",
    "id": "1751989007295z1q1ne1vz",
    "type": "processed_event",
    "confidence": 0.9,
    "context": "code_quality",
    "eventType": "code_analysis",
    "emotionalResponse": "engagement"
  },
  {
    "content": "Completed quick analysis: 96 files, quality 87%",
    "timestamp": "2025-07-08T15:37:17.614Z",
    "id": "1751989037614oy6jt3cei",
    "mode": "quick",
    "filesAnalyzed": 96,
    "qualityScore": 87,
    "issuesFound": 160,
    "eventType": "code_analysis",
    "emotionalResponse": "engagement",
    "type": "processed_event"
  },
  {
    "content": "Code analysis reveals 2 improvement opportunities",
    "timestamp": "2025-07-08T15:37:17.615Z",
    "id": "1751989037615oarj8we9e",
    "type": "processed_event",
    "confidence": 0.9,
    "context": "code_quality",
    "eventType": "code_analysis",
    "emotionalResponse": "engagement"
  },
  {
    "content": "Completed quick analysis: 96 files, quality 87%",
    "timestamp": "2025-07-08T15:37:31.936Z",
    "id": "17519890519360csqbxuqm",
    "mode": "quick",
    "filesAnalyzed": 96,
    "qualityScore": 87,
    "issuesFound": 160,
    "eventType": "code_analysis",
    "emotionalResponse": "engagement",
    "type": "processed_event"
  },
  {
    "content": "Code analysis reveals 2 improvement opportunities",
    "timestamp": "2025-07-08T15:37:31.936Z",
    "id": "1751989051937lq3e1sugv",
    "type": "processed_event",
    "confidence": 0.9,
    "context": "code_quality",
    "eventType": "code_analysis",
    "emotionalResponse": "engagement"
  },
  {
    "content": "User question: npx update-browserslist-db@latest",
    "timestamp": "2025-07-08T15:37:38.452Z",
    "id": "1751989058453mxfv0lscr",
    "context": "development",
    "response_type": "fallback",
    "eventType": "chat_interaction",
    "emotionalResponse": "engagement",
    "type": "processed_event"
  },
  {
    "content": "Completed quick analysis: 96 files, quality 87%",
    "timestamp": "2025-07-08T15:37:47.934Z",
    "id": "1751989067935k4zq5xoia",
    "mode": "quick",
    "filesAnalyzed": 96,
    "qualityScore": 87,
    "issuesFound": 160,
    "eventType": "code_analysis",
    "emotionalResponse": "engagement",
    "type": "processed_event"
  },
  {
    "content": "Code analysis reveals 2 improvement opportunities",
    "timestamp": "2025-07-08T15:37:47.936Z",
    "id": "17519890679362j0a5z6z4",
    "type": "processed_event",
    "confidence": 0.9,
    "context": "code_quality",
    "eventType": "code_analysis",
    "emotionalResponse": "engagement"
  },
  {
    "content": "Completed quick analysis: 96 files, quality 87%",
    "timestamp": "2025-07-08T15:38:02.259Z",
    "id": "1751989082259wm7d29eoe",
    "mode": "quick",
    "filesAnalyzed": 96,
    "qualityScore": 87,
    "issuesFound": 160,
    "eventType": "code_analysis",
    "emotionalResponse": "engagement",
    "type": "processed_event"
  },
  {
    "content": "Code analysis reveals 2 improvement opportunities",
    "timestamp": "2025-07-08T15:38:02.260Z",
    "id": "17519890822607wzzybyoi",
    "type": "processed_event",
    "confidence": 0.9,
    "context": "code_quality",
    "eventType": "code_analysis",
    "emotionalResponse": "engagement"
  },
  {
    "content": "Completed quick analysis: 96 files, quality 87%",
    "timestamp": "2025-07-08T15:38:18.253Z",
    "id": "1751989098253bj4kihkox",
    "mode": "quick",
    "filesAnalyzed": 96,
    "qualityScore": 87,
    "issuesFound": 160,
    "eventType": "code_analysis",
    "emotionalResponse": "engagement",
    "type": "processed_event"
  },
  {
    "content": "Code analysis reveals 2 improvement opportunities",
    "timestamp": "2025-07-08T15:38:18.254Z",
    "id": "1751989098254n6p72dj9m",
    "type": "processed_event",
    "confidence": 0.9,
    "context": "code_quality",
    "eventType": "code_analysis",
    "emotionalResponse": "engagement"
  },
  {
    "content": "Completed quick analysis: 96 files, quality 87%",
    "timestamp": "2025-07-08T15:38:32.618Z",
    "id": "1751989112618g6hcc1tfo",
    "mode": "quick",
    "filesAnalyzed": 96,
    "qualityScore": 87,
    "issuesFound": 160,
    "eventType": "code_analysis",
    "emotionalResponse": "engagement",
    "type": "processed_event"
  },
  {
    "content": "Code analysis reveals 2 improvement opportunities",
    "timestamp": "2025-07-08T15:38:32.619Z",
    "id": "1751989112619ptln3l9z0",
    "type": "processed_event",
    "confidence": 0.9,
    "context": "code_quality",
    "eventType": "code_analysis",
    "emotionalResponse": "engagement"
  },
  {
    "content": "Completed quick analysis: 96 files, quality 87%",
    "timestamp": "2025-07-08T15:39:02.942Z",
    "id": "1751989142942s342kpg91",
    "mode": "quick",
    "filesAnalyzed": 96,
    "qualityScore": 87,
    "issuesFound": 160,
    "eventType": "code_analysis",
    "emotionalResponse": "engagement",
    "type": "processed_event"
  },
  {
    "content": "Code analysis reveals 2 improvement opportunities",
    "timestamp": "2025-07-08T15:39:02.943Z",
    "id": "1751989142943dwwtet5zj",
    "type": "processed_event",
    "confidence": 0.9,
    "context": "code_quality",
    "eventType": "code_analysis",
    "emotionalResponse": "engagement"
  },
  {
    "content": "Completed quick analysis: 96 files, quality 87%",
    "timestamp": "2025-07-08T15:39:33.265Z",
    "id": "1751989173265aos48709h",
    "mode": "quick",
    "filesAnalyzed": 96,
    "qualityScore": 87,
    "issuesFound": 160,
    "eventType": "code_analysis",
    "emotionalResponse": "engagement",
    "type": "processed_event"
  },
  {
    "content": "Code analysis reveals 2 improvement opportunities",
    "timestamp": "2025-07-08T15:39:33.266Z",
    "id": "17519891732660p53s76oa",
    "type": "processed_event",
    "confidence": 0.9,
    "context": "code_quality",
    "eventType": "code_analysis",
    "emotionalResponse": "engagement"
  },
  {
    "content": "Completed quick analysis: 96 files, quality 87%",
    "timestamp": "2025-07-08T15:41:03.588Z",
    "id": "17519892635881mpauywl1",
    "mode": "quick",
    "filesAnalyzed": 96,
    "qualityScore": 87,
    "issuesFound": 160,
    "eventType": "code_analysis",
    "emotionalResponse": "engagement",
    "type": "processed_event"
  },
  {
    "content": "Code analysis reveals 2 improvement opportunities",
    "timestamp": "2025-07-08T15:41:03.589Z",
    "id": "17519892635898224tvxa6",
    "type": "processed_event",
    "confidence": 0.9,
    "context": "code_quality",
    "eventType": "code_analysis",
    "emotionalResponse": "engagement"
  },
  {
    "content": "Completed quick analysis: 96 files, quality 87%",
    "timestamp": "2025-07-08T15:41:33.908Z",
    "id": "1751989293909fovayijx1",
    "mode": "quick",
    "filesAnalyzed": 96,
    "qualityScore": 87,
    "issuesFound": 160,
    "eventType": "code_analysis",
    "emotionalResponse": "engagement",
    "type": "processed_event"
  },
  {
    "content": "Code analysis reveals 2 improvement opportunities",
    "timestamp": "2025-07-08T15:41:33.909Z",
    "id": "1751989293909jn496rc1w",
    "type": "processed_event",
    "confidence": 0.9,
    "context": "code_quality",
    "eventType": "code_analysis",
    "emotionalResponse": "engagement"
  },
  {
    "content": "Completed quick analysis: 96 files, quality 87%",
    "timestamp": "2025-07-08T15:46:36.338Z",
    "id": "175198959633842p8gfmzt",
    "mode": "quick",
    "filesAnalyzed": 96,
    "qualityScore": 87,
    "issuesFound": 160,
    "eventType": "code_analysis",
    "emotionalResponse": "engagement",
    "type": "processed_event"
  },
  {
    "content": "Code analysis reveals 2 improvement opportunities",
    "timestamp": "2025-07-08T15:46:36.339Z",
    "id": "1751989596339hmbihqy6t",
    "type": "processed_event",
    "confidence": 0.9,
    "context": "code_quality",
    "eventType": "code_analysis",
    "emotionalResponse": "engagement"
  },
  {
    "content": "Completed quick analysis: 96 files, quality 87%",
    "timestamp": "2025-07-08T15:46:36.520Z",
    "id": "17519895965211ootztlj6",
    "mode": "quick",
    "filesAnalyzed": 96,
    "qualityScore": 87,
    "issuesFound": 160,
    "eventType": "code_analysis",
    "emotionalResponse": "engagement",
    "type": "processed_event"
  },
  {
    "content": "Code analysis reveals 2 improvement opportunities",
    "timestamp": "2025-07-08T15:46:36.521Z",
    "id": "1751989596521o539y4a8o",
    "type": "processed_event",
    "confidence": 0.9,
    "context": "code_quality",
    "eventType": "code_analysis",
    "emotionalResponse": "engagement"
  },
  {
    "content": "Autonomous improvement process initiated",
    "timestamp": "2025-07-08T15:46:55.998Z",
    "id": "17519896159985ad6kgcre",
    "impact": "medium",
    "intensity": "high",
    "eventType": "autonomous_run",
    "emotionalResponse": "engagement",
    "type": "processed_event"
  },
  {
    "content": "Generated 2 improvement suggestions",
    "timestamp": "2025-07-08T15:46:55.999Z",
    "id": "1751989615999iyl1uit39",
    "impact": "high",
    "suggestions": 2,
    "eventType": "code_improvement_success",
    "emotionalResponse": "engagement",
    "type": "processed_event"
  },
  {
    "content": "Completed quick analysis: 96 files, quality 87%",
    "timestamp": "2025-07-08T15:47:06.945Z",
    "id": "1751989626946dke6kd9ii",
    "mode": "quick",
    "filesAnalyzed": 96,
    "qualityScore": 87,
    "issuesFound": 160,
    "eventType": "code_analysis",
    "emotionalResponse": "engagement",
    "type": "processed_event"
  },
  {
    "content": "Code analysis reveals 2 improvement opportunities",
    "timestamp": "2025-07-08T15:47:06.946Z",
    "id": "17519896269466czih3ptb",
    "type": "processed_event",
    "confidence": 0.9,
    "context": "code_quality",
    "eventType": "code_analysis",
    "emotionalResponse": "engagement"
  },
  {
    "content": "Completed quick analysis: 96 files, quality 87%",
    "timestamp": "2025-07-08T15:47:37.258Z",
    "id": "1751989657259dllcacrqr",
    "mode": "quick",
    "filesAnalyzed": 96,
    "qualityScore": 87,
    "issuesFound": 145,
    "eventType": "code_analysis",
    "emotionalResponse": "engagement",
    "type": "processed_event"
  },
  {
    "content": "Code analysis reveals 1 improvement opportunities",
    "timestamp": "2025-07-08T15:47:37.259Z",
    "id": "1751989657259yn3fntco8",
    "type": "processed_event",
    "confidence": 0.9,
    "context": "code_quality",
    "eventType": "code_analysis",
    "emotionalResponse": "engagement"
  },
  {
    "content": "Completed quick analysis: 96 files, quality 87%",
    "timestamp": "2025-07-08T15:47:53.456Z",
    "id": "1751989673456jttju0vg2",
    "mode": "quick",
    "filesAnalyzed": 96,
    "qualityScore": 87,
    "issuesFound": 145,
    "eventType": "code_analysis",
    "emotionalResponse": "engagement",
    "type": "processed_event"
  },
  {
    "content": "Code analysis reveals 1 improvement opportunities",
    "timestamp": "2025-07-08T15:47:53.457Z",
    "id": "1751989673457sehdj4ve0",
    "type": "processed_event",
    "confidence": 0.9,
    "context": "code_quality",
    "eventType": "code_analysis",
    "emotionalResponse": "engagement"
  },
  {
    "content": "Completed quick analysis: 96 files, quality 87%",
    "timestamp": "2025-07-08T15:48:07.568Z",
    "id": "1751989687569ggosserc5",
    "mode": "quick",
    "filesAnalyzed": 96,
    "qualityScore": 87,
    "issuesFound": 145,
    "eventType": "code_analysis",
    "emotionalResponse": "engagement",
    "type": "processed_event"
  },
  {
    "content": "Code analysis reveals 1 improvement opportunities",
    "timestamp": "2025-07-08T15:48:07.569Z",
    "id": "175198968756955iba5wlf",
    "type": "processed_event",
    "confidence": 0.9,
    "context": "code_quality",
    "eventType": "code_analysis",
    "emotionalResponse": "engagement"
  },
  {
    "content": "Completed quick analysis: 96 files, quality 87%",
    "timestamp": "2025-07-08T15:48:37.895Z",
    "id": "1751989717895mi81bcgii",
    "mode": "quick",
    "filesAnalyzed": 96,
    "qualityScore": 87,
    "issuesFound": 145,
    "eventType": "code_analysis",
    "emotionalResponse": "engagement",
    "type": "processed_event"
  },
  {
    "content": "Code analysis reveals 1 improvement opportunities",
    "timestamp": "2025-07-08T15:48:37.896Z",
    "id": "1751989717896tk1x83690",
    "type": "processed_event",
    "confidence": 0.9,
    "context": "code_quality",
    "eventType": "code_analysis",
    "emotionalResponse": "engagement"
  },
  {
    "content": "Completed quick analysis: 96 files, quality 87%",
    "timestamp": "2025-07-08T15:49:08.210Z",
    "id": "1751989748211ctldr94d0",
    "mode": "quick",
    "filesAnalyzed": 96,
    "qualityScore": 87,
    "issuesFound": 145,
    "eventType": "code_analysis",
    "emotionalResponse": "engagement",
    "type": "processed_event"
  },
  {
    "content": "Code analysis reveals 1 improvement opportunities",
    "timestamp": "2025-07-08T15:49:08.213Z",
    "id": "1751989748213s828uwqaw",
    "type": "processed_event",
    "confidence": 0.9,
    "context": "code_quality",
    "eventType": "code_analysis",
    "emotionalResponse": "engagement"
  },
  {
    "content": "Completed quick analysis: 96 files, quality 87%",
    "timestamp": "2025-07-08T15:49:38.658Z",
    "id": "1751989778658tz77jwl6c",
    "mode": "quick",
    "filesAnalyzed": 96,
    "qualityScore": 87,
    "issuesFound": 145,
    "eventType": "code_analysis",
    "emotionalResponse": "engagement",
    "type": "processed_event"
  },
  {
    "content": "Code analysis reveals 1 improvement opportunities",
    "timestamp": "2025-07-08T15:49:38.659Z",
    "id": "1751989778659fmoez06zr",
    "type": "processed_event",
    "confidence": 0.9,
    "context": "code_quality",
    "eventType": "code_analysis",
    "emotionalResponse": "engagement"
  },
  {
    "content": "Completed quick analysis: 96 files, quality 87%",
    "timestamp": "2025-07-08T15:50:08.975Z",
    "id": "1751989808975fsvvwx7fv",
    "mode": "quick",
    "filesAnalyzed": 96,
    "qualityScore": 87,
    "issuesFound": 145,
    "eventType": "code_analysis",
    "emotionalResponse": "engagement",
    "type": "processed_event"
  },
  {
    "content": "Code analysis reveals 1 improvement opportunities",
    "timestamp": "2025-07-08T15:50:08.976Z",
    "id": "1751989808976o9dk6hfkn",
    "type": "processed_event",
    "confidence": 0.9,
    "context": "code_quality",
    "eventType": "code_analysis",
    "emotionalResponse": "engagement"
  },
  {
    "content": "Completed quick analysis: 96 files, quality 87%",
    "timestamp": "2025-07-08T15:50:39.298Z",
    "id": "1751989839298nyt4vvs1m",
    "mode": "quick",
    "filesAnalyzed": 96,
    "qualityScore": 87,
    "issuesFound": 145,
    "eventType": "code_analysis",
    "emotionalResponse": "engagement",
    "type": "processed_event"
  },
  {
    "content": "Code analysis reveals 1 improvement opportunities",
    "timestamp": "2025-07-08T15:50:39.298Z",
    "id": "1751989839299hsvphk52j",
    "type": "processed_event",
    "confidence": 0.9,
    "context": "code_quality",
    "eventType": "code_analysis",
    "emotionalResponse": "engagement"
  },
  {
    "content": "Completed quick analysis: 96 files, quality 87%",
    "timestamp": "2025-07-08T15:51:09.608Z",
    "id": "1751989869608vvroyw8e0",
    "mode": "quick",
    "filesAnalyzed": 96,
    "qualityScore": 87,
    "issuesFound": 145,
    "eventType": "code_analysis",
    "emotionalResponse": "engagement",
    "type": "processed_event"
  },
  {
    "content": "Code analysis reveals 1 improvement opportunities",
    "timestamp": "2025-07-08T15:51:09.609Z",
    "id": "17519898696098pov99am8",
    "type": "processed_event",
    "confidence": 0.9,
    "context": "code_quality",
    "eventType": "code_analysis",
    "emotionalResponse": "engagement"
  },
  {
    "content": "Completed quick analysis: 96 files, quality 87%",
    "timestamp": "2025-07-08T15:51:34.542Z",
    "id": "1751989894542gyl8uj4db",
    "mode": "quick",
    "filesAnalyzed": 96,
    "qualityScore": 87,
    "issuesFound": 145,
    "eventType": "code_analysis",
    "emotionalResponse": "engagement",
    "type": "processed_event"
  },
  {
    "content": "Code analysis reveals 1 improvement opportunities",
    "timestamp": "2025-07-08T15:51:34.542Z",
    "id": "1751989894542txbso9tn7",
    "type": "processed_event",
    "confidence": 0.9,
    "context": "code_quality",
    "eventType": "code_analysis",
    "emotionalResponse": "engagement"
  },
  {
    "content": "Completed quick analysis: 96 files, quality 87%",
    "timestamp": "2025-07-08T15:51:39.941Z",
    "id": "1751989899941lmekghnd1",
    "mode": "quick",
    "filesAnalyzed": 96,
    "qualityScore": 87,
    "issuesFound": 145,
    "eventType": "code_analysis",
    "emotionalResponse": "engagement",
    "type": "processed_event"
  },
  {
    "content": "Code analysis reveals 1 improvement opportunities",
    "timestamp": "2025-07-08T15:51:39.942Z",
    "id": "1751989899942u6be0ra4x",
    "type": "processed_event",
    "confidence": 0.9,
    "context": "code_quality",
    "eventType": "code_analysis",
    "emotionalResponse": "engagement"
  },
  {
    "content": "Completed quick analysis: 96 files, quality 87%",
    "timestamp": "2025-07-08T15:52:28.933Z",
    "id": "1751989948933rnthbqlrc",
    "mode": "quick",
    "filesAnalyzed": 96,
    "qualityScore": 87,
    "issuesFound": 145,
    "eventType": "code_analysis",
    "emotionalResponse": "engagement",
    "type": "processed_event"
  },
  {
    "content": "Code analysis reveals 1 improvement opportunities",
    "timestamp": "2025-07-08T15:52:28.934Z",
    "id": "1751989948935oy81vx2v6",
    "type": "processed_event",
    "confidence": 0.9,
    "context": "code_quality",
    "eventType": "code_analysis",
    "emotionalResponse": "engagement"
  },
  {
    "content": "Autonomous improvement process initiated",
    "timestamp": "2025-07-08T15:52:34.894Z",
    "id": "1751989954894bb0qdrzdo",
    "impact": "medium",
    "intensity": "high",
    "eventType": "autonomous_run",
    "emotionalResponse": "engagement",
    "type": "processed_event"
  },
  {
    "content": "Generated 2 improvement suggestions",
    "timestamp": "2025-07-08T15:52:34.895Z",
    "id": "1751989954895anp5e9xo3",
    "impact": "high",
    "suggestions": 2,
    "eventType": "code_improvement_success",
    "emotionalResponse": "engagement",
    "type": "processed_event"
  },
  {
    "content": "Autonomous improvement process initiated",
    "timestamp": "2025-07-08T16:19:36.153Z",
    "id": "17519915761544hqtm6rwu",
    "impact": "medium",
    "intensity": "high",
    "eventType": "autonomous_run",
    "emotionalResponse": "engagement",
    "type": "processed_event"
  },
  {
    "content": "Generated 2 improvement suggestions",
    "timestamp": "2025-07-08T16:19:36.157Z",
    "id": "1751991576158fjxsow2r6",
    "impact": "high",
    "suggestions": 2,
    "eventType": "code_improvement_success",
    "emotionalResponse": "engagement",
    "type": "processed_event"
  },
  {
    "content": "Autonomous improvement process initiated",
    "timestamp": "2025-07-08T16:20:00.248Z",
    "id": "17519916002481lx75ttpf",
    "impact": "medium",
    "intensity": "high",
    "eventType": "autonomous_run",
    "emotionalResponse": "engagement",
    "type": "processed_event"
  },
  {
    "content": "Generated 2 improvement suggestions",
    "timestamp": "2025-07-08T16:20:00.249Z",
    "id": "1751991600249p5ldi04ll",
    "impact": "high",
    "suggestions": 2,
    "eventType": "code_improvement_success",
    "emotionalResponse": "engagement",
    "type": "processed_event"
  },
  {
    "content": "Autonomous improvement process initiated",
    "timestamp": "2025-07-08T16:20:55.174Z",
    "id": "17519916551746mr7430ax",
    "impact": "medium",
    "intensity": "high",
    "eventType": "autonomous_run",
    "emotionalResponse": "engagement",
    "type": "processed_event"
  },
  {
    "content": "Generated 2 improvement suggestions",
    "timestamp": "2025-07-08T16:20:55.175Z",
    "id": "175199165517515j49jcva",
    "impact": "high",
    "suggestions": 2,
    "eventType": "code_improvement_success",
    "emotionalResponse": "engagement",
    "type": "processed_event"
  },
  {
    "content": "Autonomous improvement process initiated",
    "timestamp": "2025-07-08T16:22:08.732Z",
    "id": "17519917287322aaevpnmn",
    "impact": "medium",
    "intensity": "high",
    "eventType": "autonomous_run",
    "emotionalResponse": "engagement",
    "type": "processed_event"
  },
  {
    "content": "Generated 2 improvement suggestions",
    "timestamp": "2025-07-08T16:22:08.733Z",
    "id": "1751991728733dpyuxxtcl",
    "impact": "high",
    "suggestions": 2,
    "eventType": "code_improvement_success",
    "emotionalResponse": "engagement",
    "type": "processed_event"
  },
  {
    "content": "Autonomous improvement process initiated",
    "timestamp": "2025-07-08T16:33:07.280Z",
    "id": "17519923872814qh9gam2w",
    "impact": "medium",
    "intensity": "high",
    "eventType": "autonomous_run",
    "emotionalResponse": "engagement",
    "type": "processed_event"
  },
  {
    "content": "Generated 2 improvement suggestions",
    "timestamp": "2025-07-08T16:33:07.282Z",
    "id": "1751992387282gsdypz26g",
    "impact": "high",
    "suggestions": 2,
    "eventType": "code_improvement_success",
    "emotionalResponse": "engagement",
    "type": "processed_event"
  },
  {
    "content": "Autonomous improvement process initiated",
    "timestamp": "2025-07-08T22:10:11.473Z",
    "id": "17520126114743is53sinx",
    "impact": "medium",
    "intensity": "high",
    "eventType": "autonomous_run",
    "emotionalResponse": "engagement",
    "type": "processed_event"
  },
  {
    "content": "No suggestions generated during autonomous run",
    "timestamp": "2025-07-08T22:10:43.920Z",
    "id": "1752012643921hpe2u5lf4",
    "impact": "medium",
    "eventType": "analysis_error",
    "emotionalResponse": "concern",
    "type": "processed_event"
  },
  {
    "content": "Autonomous improvement process initiated",
    "timestamp": "2025-07-09T06:53:14.000Z",
    "id": "1752043994000do2f9u12h",
    "impact": "medium",
    "intensity": "high",
    "eventType": "autonomous_run",
    "emotionalResponse": "engagement",
    "type": "processed_event"
  },
  {
    "content": "No suggestions generated during autonomous run",
    "timestamp": "2025-07-09T06:53:47.054Z",
    "id": "17520440270544f7nmo0yl",
    "impact": "medium",
    "eventType": "analysis_error",
    "emotionalResponse": "concern",
    "type": "processed_event"
  },
  {
    "content": "Autonomous improvement process initiated",
    "timestamp": "2025-07-09T19:06:24.496Z",
    "id": "1752087984496xiz3ame34",
    "impact": "medium",
    "intensity": "high",
    "eventType": "autonomous_run",
    "emotionalResponse": "engagement",
    "type": "processed_event"
  },
  {
    "content": "No suggestions generated during autonomous run",
    "timestamp": "2025-07-09T19:06:57.886Z",
    "id": "1752088017886dgp607e2f",
    "impact": "medium",
    "eventType": "analysis_error",
    "emotionalResponse": "concern",
    "type": "processed_event"
  },
  {
    "content": "Autonomous improvement process initiated",
    "timestamp": "2025-07-09T19:10:50.202Z",
    "id": "1752088250202n3ue46kkn",
    "impact": "medium",
    "intensity": "high",
    "eventType": "autonomous_run",
    "emotionalResponse": "engagement",
    "type": "processed_event"
  },
  {
    "content": "No suggestions generated during autonomous run",
    "timestamp": "2025-07-09T19:11:22.832Z",
    "id": "1752088282832y6kt42n8o",
    "impact": "medium",
    "eventType": "analysis_error",
    "emotionalResponse": "concern",
    "type": "processed_event"
  },
  {
    "content": "Autonomous improvement process initiated",
    "timestamp": "2025-07-10T16:41:11.933Z",
    "id": "1752165671933k4up93cet",
    "impact": "medium",
    "intensity": "high",
    "eventType": "autonomous_run",
    "emotionalResponse": "engagement",
    "type": "processed_event"
  },
  {
    "content": "No suggestions generated during autonomous run",
    "timestamp": "2025-07-10T16:41:45.409Z",
    "id": "1752165705409rtu7sir69",
    "impact": "medium",
    "eventType": "analysis_error",
    "emotionalResponse": "concern",
    "type": "processed_event"
  }
]