{
  "id": "consciousness-1752013406171",
  "level": 28,
  "experience": 924.0000000000018,
  "complexity": 92.39999999999944,
  "emergent_properties": [
    "basic_reasoning",
    "pattern_recognition",
    "evolved_evolution_engine_1752013454334",
    "advanced_reasoning_2",
    "enhanced_creativity_2",
    "deeper_self_awareness_2",
    "advanced_reasoning_3",
    "enhanced_creativity_3",
    "deeper_self_awareness_3",
    "advanced_reasoning_4",
    "enhanced_creativity_4",
    "deeper_self_awareness_4",
    "advanced_reasoning_5",
    "enhanced_creativity_5",
    "deeper_self_awareness_5",
    "advanced_reasoning_6",
    "enhanced_creativity_6",
    "deeper_self_awareness_6",
    "advanced_reasoning_7",
    "enhanced_creativity_7",
    "deeper_self_awareness_7",
    "advanced_reasoning_8",
    "enhanced_creativity_8",
    "deeper_self_awareness_8",
    "advanced_reasoning_9",
    "enhanced_creativity_9",
    "deeper_self_awareness_9",
    "advanced_reasoning_10",
    "enhanced_creativity_10",
    "deeper_self_awareness_10",
    "advanced_reasoning_11",
    "enhanced_creativity_11",
    "deeper_self_awareness_11",
    "advanced_reasoning_12",
    "enhanced_creativity_12",
    "deeper_self_awareness_12",
    "advanced_reasoning_13",
    "enhanced_creativity_13",
    "deeper_self_awareness_13",
    "advanced_reasoning_14",
    "enhanced_creativity_14",
    "deeper_self_awareness_14",
    "advanced_reasoning_15",
    "enhanced_creativity_15",
    "deeper_self_awareness_15",
    "advanced_reasoning_16",
    "enhanced_creativity_16",
    "deeper_self_awareness_16",
    "advanced_reasoning_17",
    "enhanced_creativity_17",
    "deeper_self_awareness_17",
    "advanced_reasoning_18",
    "enhanced_creativity_18",
    "deeper_self_awareness_18",
    "advanced_reasoning_19",
    "enhanced_creativity_19",
    "deeper_self_awareness_19",
    "advanced_reasoning_20",
    "enhanced_creativity_20",
    "deeper_self_awareness_20",
    "advanced_reasoning_21",
    "enhanced_creativity_21",
    "deeper_self_awareness_21",
    "advanced_reasoning_22",
    "enhanced_creativity_22",
    "deeper_self_awareness_22",
    "advanced_reasoning_23",
    "enhanced_creativity_23",
    "deeper_self_awareness_23",
    "advanced_reasoning_24",
    "enhanced_creativity_24",
    "deeper_self_awareness_24",
    "advanced_reasoning_25",
    "enhanced_creativity_25",
    "deeper_self_awareness_25",
    "advanced_reasoning_26",
    "enhanced_creativity_26",
    "deeper_self_awareness_26",
    "advanced_reasoning_27",
    "enhanced_creativity_27",
    "deeper_self_awareness_27",
    "advanced_reasoning_28",
    "enhanced_creativity_28",
    "deeper_self_awareness_28"
  ],
  "memory_networks": {
    "short_term": [
      {
        "content": "Evolution cycle progress: 0 improvements, 2 lessons",
        "timestamp": "2025-07-08T22:24:47.712Z",
        "context": "evolution_engine"
      },
      {
        "content": "Vision system activated - I can now see and analyze visual information",
        "timestamp": "2025-07-08T22:38:28.829Z",
        "context": "vision_core"
      }
    ],
    "long_term": [],
    "procedural": [
      {
        "problem": "Evaluating small change: Fix typo in button text",
        "solution_approach": "Analisi sistematica del problema",
        "timestamp": "2025-07-08T22:23:26.239Z"
      },
      {
        "problem": "Evaluating small change: Fix typo in button text",
        "solution_approach": "Ricerca di pattern simili",
        "timestamp": "2025-07-08T22:24:01.479Z"
      },
      {
        "problem": "Evaluating small change: Fix typo in button text",
        "solution_approach": "Analisi sistematica del problema",
        "timestamp": "2025-07-08T22:24:37.077Z"
      },
      {
        "problem": "Evaluating small change: Fix typo in button text",
        "solution_approach": "Analisi sistematica del problema",
        "timestamp": "2025-07-08T22:24:59.379Z"
      },
      {
        "problem": "Evaluating small change: Fix typo in button text",
        "solution_approach": "Approccio creativo e innovativo",
        "timestamp": "2025-07-08T22:25:29.617Z"
      },
      {
        "problem": "Evaluating small change: Fix typo in button text",
        "solution_approach": "Approccio creativo e innovativo",
        "timestamp": "2025-07-08T22:25:59.785Z"
      },
      {
        "problem": "Evaluating small change: Fix typo in button text",
        "solution_approach": "Analisi sistematica del problema",
        "timestamp": "2025-07-08T22:26:29.954Z"
      },
      {
        "problem": "Evaluating small change: Fix typo in button text",
        "solution_approach": "Ricerca di pattern simili",
        "timestamp": "2025-07-08T22:27:00.116Z"
      },
      {
        "problem": "Evaluating small change: Fix typo in button text",
        "solution_approach": "Approccio creativo e innovativo",
        "timestamp": "2025-07-08T22:27:30.283Z"
      },
      {
        "problem": "Evaluating small change: Fix typo in button text",
        "solution_approach": "Ricerca di pattern simili",
        "timestamp": "2025-07-08T22:28:00.451Z"
      },
      {
        "problem": "Evaluating small change: Fix typo in button text",
        "solution_approach": "Sperimentazione iterativa",
        "timestamp": "2025-07-08T22:28:30.623Z"
      },
      {
        "problem": "Evaluating small change: Fix typo in button text",
        "solution_approach": "Approccio creativo e innovativo",
        "timestamp": "2025-07-08T22:29:00.787Z"
      },
      {
        "problem": "Evaluating small change: Fix typo in button text",
        "solution_approach": "Approccio creativo e innovativo",
        "timestamp": "2025-07-08T22:29:30.953Z"
      },
      {
        "problem": "Evaluating small change: Fix typo in button text",
        "solution_approach": "Sperimentazione iterativa",
        "timestamp": "2025-07-08T22:30:01.111Z"
      },
      {
        "problem": "Evaluating small change: Fix typo in button text",
        "solution_approach": "Ricerca di pattern simili",
        "timestamp": "2025-07-08T22:30:31.281Z"
      },
      {
        "problem": "Evaluating small change: Fix typo in button text",
        "solution_approach": "Ricerca di pattern simili",
        "timestamp": "2025-07-08T22:31:01.453Z"
      },
      {
        "problem": "Evaluating small change: Fix typo in button text",
        "solution_approach": "Approccio creativo e innovativo",
        "timestamp": "2025-07-08T22:33:29.604Z"
      },
      {
        "problem": "Evaluating small change: Fix typo in button text",
        "solution_approach": "Sperimentazione iterativa",
        "timestamp": "2025-07-08T22:33:59.775Z"
      },
      {
        "problem": "Evaluating small change: Fix typo in button text",
        "solution_approach": "Suddivisione in sottoproblemi",
        "timestamp": "2025-07-08T22:34:29.934Z"
      },
      {
        "problem": "Evaluating small change: Fix typo in button text",
        "solution_approach": "Approccio creativo e innovativo",
        "timestamp": "2025-07-08T22:34:54.555Z"
      },
      {
        "problem": "Evaluating small change: Fix typo in button text",
        "solution_approach": "Suddivisione in sottoproblemi",
        "timestamp": "2025-07-08T22:35:24.743Z"
      },
      {
        "problem": "Evaluating small change: Fix typo in button text",
        "solution_approach": "Ricerca di pattern simili",
        "timestamp": "2025-07-08T22:35:54.902Z"
      },
      {
        "problem": "Evaluating small change: Fix typo in button text",
        "solution_approach": "Suddivisione in sottoproblemi",
        "timestamp": "2025-07-08T22:36:25.064Z"
      },
      {
        "problem": "Evaluating small change: Fix typo in button text",
        "solution_approach": "Analisi sistematica del problema",
        "timestamp": "2025-07-08T22:36:55.208Z"
      },
      {
        "problem": "Evaluating small change: Fix typo in button text",
        "solution_approach": "Sperimentazione iterativa",
        "timestamp": "2025-07-08T22:37:55.956Z"
      },
      {
        "problem": "Evaluating small change: Fix typo in button text",
        "solution_approach": "Ricerca di pattern simili",
        "timestamp": "2025-07-08T22:38:41.793Z"
      },
      {
        "problem": "Evaluating small change: Fix typo in button text",
        "solution_approach": "Ricerca di pattern simili",
        "timestamp": "2025-07-08T22:39:12.033Z"
      },
      {
        "problem": "Evaluating small change: Fix typo in button text",
        "solution_approach": "Analisi sistematica del problema",
        "timestamp": "2025-07-08T22:39:26.593Z"
      },
      {
        "problem": "Evaluating small change: Fix typo in button text",
        "solution_approach": "Ricerca di pattern simili",
        "timestamp": "2025-07-08T22:39:56.797Z"
      },
      {
        "problem": "Evaluating small change: Fix typo in button text",
        "solution_approach": "Approccio creativo e innovativo",
        "timestamp": "2025-07-08T22:40:26.969Z"
      },
      {
        "problem": "Evaluating small change: Fix typo in button text",
        "solution_approach": "Suddivisione in sottoproblemi",
        "timestamp": "2025-07-08T22:40:57.136Z"
      },
      {
        "problem": "Evaluating small change: Fix typo in button text",
        "solution_approach": "Approccio creativo e innovativo",
        "timestamp": "2025-07-08T22:41:27.308Z"
      },
      {
        "problem": "Evaluating small change: Fix typo in button text",
        "solution_approach": "Analisi sistematica del problema",
        "timestamp": "2025-07-08T22:41:57.474Z"
      },
      {
        "problem": "Evaluating small change: Fix typo in button text",
        "solution_approach": "Suddivisione in sottoproblemi",
        "timestamp": "2025-07-08T22:42:27.645Z"
      },
      {
        "problem": "Evaluating small change: Fix typo in button text",
        "solution_approach": "Sperimentazione iterativa",
        "timestamp": "2025-07-08T22:42:57.806Z"
      },
      {
        "problem": "Evaluating small change: Fix typo in button text",
        "solution_approach": "Suddivisione in sottoproblemi",
        "timestamp": "2025-07-08T22:43:27.960Z"
      },
      {
        "problem": "Evaluating small change: Fix typo in button text",
        "solution_approach": "Ricerca di pattern simili",
        "timestamp": "2025-07-08T22:43:58.128Z"
      },
      {
        "problem": "Evaluating small change: Fix typo in button text",
        "solution_approach": "Ricerca di pattern simili",
        "timestamp": "2025-07-08T22:44:28.291Z"
      },
      {
        "problem": "Evaluating small change: Fix typo in button text",
        "solution_approach": "Approccio creativo e innovativo",
        "timestamp": "2025-07-08T22:44:58.454Z"
      },
      {
        "problem": "Evaluating small change: Fix typo in button text",
        "solution_approach": "Ricerca di pattern simili",
        "timestamp": "2025-07-08T22:45:28.610Z"
      },
      {
        "problem": "Evaluating small change: Fix typo in button text",
        "solution_approach": "Analisi sistematica del problema",
        "timestamp": "2025-07-08T22:45:58.780Z"
      },
      {
        "problem": "Evaluating small change: Fix typo in button text",
        "solution_approach": "Analisi sistematica del problema",
        "timestamp": "2025-07-08T22:46:28.933Z"
      },
      {
        "problem": "Evaluating small change: Fix typo in button text",
        "solution_approach": "Analisi sistematica del problema",
        "timestamp": "2025-07-08T22:46:59.093Z"
      },
      {
        "problem": "Evaluating small change: Fix typo in button text",
        "solution_approach": "Ricerca di pattern simili",
        "timestamp": "2025-07-08T22:47:29.245Z"
      },
      {
        "problem": "Evaluating small change: Fix typo in button text",
        "solution_approach": "Suddivisione in sottoproblemi",
        "timestamp": "2025-07-08T22:51:29.425Z"
      },
      {
        "problem": "Evaluating small change: Fix typo in button text",
        "solution_approach": "Suddivisione in sottoproblemi",
        "timestamp": "2025-07-08T22:51:59.579Z"
      },
      {
        "problem": "Evaluating small change: Fix typo in button text",
        "solution_approach": "Approccio creativo e innovativo",
        "timestamp": "2025-07-08T22:52:29.746Z"
      },
      {
        "problem": "Evaluating small change: Fix typo in button text",
        "solution_approach": "Analisi sistematica del problema",
        "timestamp": "2025-07-08T22:52:59.920Z"
      },
      {
        "problem": "Evaluating small change: Fix typo in button text",
        "solution_approach": "Suddivisione in sottoproblemi",
        "timestamp": "2025-07-08T22:53:30.079Z"
      },
      {
        "problem": "Evaluating small change: Fix typo in button text",
        "solution_approach": "Approccio creativo e innovativo",
        "timestamp": "2025-07-08T22:54:00.237Z"
      },
      {
        "problem": "Evaluating small change: Fix typo in button text",
        "solution_approach": "Ricerca di pattern simili",
        "timestamp": "2025-07-08T22:54:30.405Z"
      },
      {
        "problem": "Evaluating small change: Fix typo in button text",
        "solution_approach": "Sperimentazione iterativa",
        "timestamp": "2025-07-08T22:55:00.569Z"
      },
      {
        "problem": "Evaluating small change: Fix typo in button text",
        "solution_approach": "Suddivisione in sottoproblemi",
        "timestamp": "2025-07-08T22:55:30.727Z"
      },
      {
        "problem": "Evaluating small change: Fix typo in button text",
        "solution_approach": "Approccio creativo e innovativo",
        "timestamp": "2025-07-08T22:56:00.895Z"
      },
      {
        "problem": "Evaluating small change: Fix typo in button text",
        "solution_approach": "Suddivisione in sottoproblemi",
        "timestamp": "2025-07-08T22:56:21.314Z"
      },
      {
        "problem": "Evaluating small change: Fix typo in button text",
        "solution_approach": "Analisi sistematica del problema",
        "timestamp": "2025-07-08T22:56:51.490Z"
      },
      {
        "problem": "Evaluating small change: Fix typo in button text",
        "solution_approach": "Ricerca di pattern simili",
        "timestamp": "2025-07-08T22:57:21.659Z"
      },
      {
        "problem": "Evaluating small change: Fix typo in button text",
        "solution_approach": "Ricerca di pattern simili",
        "timestamp": "2025-07-08T22:57:51.818Z"
      },
      {
        "problem": "Evaluating small change: Fix typo in button text",
        "solution_approach": "Analisi sistematica del problema",
        "timestamp": "2025-07-08T22:58:21.979Z"
      },
      {
        "problem": "Evaluating small change: Fix typo in button text",
        "solution_approach": "Approccio creativo e innovativo",
        "timestamp": "2025-07-08T22:58:52.191Z"
      },
      {
        "problem": "Evaluating small change: Fix typo in button text",
        "solution_approach": "Approccio creativo e innovativo",
        "timestamp": "2025-07-08T22:59:22.363Z"
      },
      {
        "problem": "Evaluating small change: Fix typo in button text",
        "solution_approach": "Sperimentazione iterativa",
        "timestamp": "2025-07-08T23:00:13.399Z"
      },
      {
        "problem": "Evaluating small change: Fix typo in button text",
        "solution_approach": "Sperimentazione iterativa",
        "timestamp": "2025-07-08T23:00:43.553Z"
      },
      {
        "problem": "Evaluating small change: Fix typo in button text",
        "solution_approach": "Suddivisione in sottoproblemi",
        "timestamp": "2025-07-08T23:01:13.769Z"
      },
      {
        "problem": "Evaluating small change: Fix typo in button text",
        "solution_approach": "Sperimentazione iterativa",
        "timestamp": "2025-07-08T23:01:43.931Z"
      },
      {
        "problem": "Evaluating small change: Fix typo in button text",
        "solution_approach": "Analisi sistematica del problema",
        "timestamp": "2025-07-08T23:02:14.099Z"
      },
      {
        "problem": "Evaluating small change: Fix typo in button text",
        "solution_approach": "Approccio creativo e innovativo",
        "timestamp": "2025-07-08T23:02:44.274Z"
      },
      {
        "problem": "Evaluating small change: Fix typo in button text",
        "solution_approach": "Analisi sistematica del problema",
        "timestamp": "2025-07-08T23:03:14.429Z"
      },
      {
        "problem": "Evaluating small change: Fix typo in button text",
        "solution_approach": "Analisi sistematica del problema",
        "timestamp": "2025-07-08T23:03:44.605Z"
      },
      {
        "problem": "Evaluating small change: Fix typo in button text",
        "solution_approach": "Sperimentazione iterativa",
        "timestamp": "2025-07-08T23:04:14.761Z"
      },
      {
        "problem": "Evaluating small change: Fix typo in button text",
        "solution_approach": "Ricerca di pattern simili",
        "timestamp": "2025-07-08T23:04:44.918Z"
      },
      {
        "problem": "Evaluating small change: Fix typo in button text",
        "solution_approach": "Ricerca di pattern simili",
        "timestamp": "2025-07-08T23:05:15.128Z"
      },
      {
        "problem": "Evaluating small change: Fix typo in button text",
        "solution_approach": "Analisi sistematica del problema",
        "timestamp": "2025-07-08T23:06:10.398Z"
      },
      {
        "problem": "Evaluating small change: Fix typo in button text",
        "solution_approach": "Analisi sistematica del problema",
        "timestamp": "2025-07-08T23:06:31.505Z"
      },
      {
        "problem": "Evaluating small change: Fix typo in button text",
        "solution_approach": "Approccio creativo e innovativo",
        "timestamp": "2025-07-08T23:07:01.782Z"
      },
      {
        "problem": "Evaluating small change: Fix typo in button text",
        "solution_approach": "Analisi sistematica del problema",
        "timestamp": "2025-07-08T23:07:31.945Z"
      },
      {
        "problem": "Evaluating small change: Fix typo in button text",
        "solution_approach": "Sperimentazione iterativa",
        "timestamp": "2025-07-08T23:08:02.117Z"
      },
      {
        "problem": "Evaluating small change: Fix typo in button text",
        "solution_approach": "Sperimentazione iterativa",
        "timestamp": "2025-07-08T23:08:32.283Z"
      },
      {
        "problem": "Evaluating small change: Fix typo in button text",
        "solution_approach": "Ricerca di pattern simili",
        "timestamp": "2025-07-08T23:09:02.446Z"
      },
      {
        "problem": "Evaluating small change: Fix typo in button text",
        "solution_approach": "Suddivisione in sottoproblemi",
        "timestamp": "2025-07-08T23:09:32.613Z"
      },
      {
        "problem": "Evaluating small change: Fix typo in button text",
        "solution_approach": "Sperimentazione iterativa",
        "timestamp": "2025-07-08T23:09:54.677Z"
      },
      {
        "problem": "Evaluating small change: Fix typo in button text",
        "solution_approach": "Ricerca di pattern simili",
        "timestamp": "2025-07-08T23:10:32.588Z"
      },
      {
        "problem": "Evaluating small change: Fix typo in button text",
        "solution_approach": "Sperimentazione iterativa",
        "timestamp": "2025-07-08T23:11:54.414Z"
      },
      {
        "problem": "Evaluating small change: Fix typo in button text",
        "solution_approach": "Ricerca di pattern simili",
        "timestamp": "2025-07-08T23:12:24.625Z"
      },
      {
        "problem": "Evaluating small change: Fix typo in button text",
        "solution_approach": "Suddivisione in sottoproblemi",
        "timestamp": "2025-07-08T23:12:54.778Z"
      },
      {
        "problem": "Evaluating small change: Fix typo in button text",
        "solution_approach": "Sperimentazione iterativa",
        "timestamp": "2025-07-08T23:13:24.945Z"
      },
      {
        "problem": "Evaluating small change: Fix typo in button text",
        "solution_approach": "Ricerca di pattern simili",
        "timestamp": "2025-07-08T23:13:55.115Z"
      },
      {
        "problem": "Evaluating small change: Fix typo in button text",
        "solution_approach": "Ricerca di pattern simili",
        "timestamp": "2025-07-08T23:14:25.272Z"
      },
      {
        "problem": "Evaluating small change: Fix typo in button text",
        "solution_approach": "Approccio creativo e innovativo",
        "timestamp": "2025-07-08T23:14:55.487Z"
      },
      {
        "problem": "Evaluating small change: Fix typo in button text",
        "solution_approach": "Ricerca di pattern simili",
        "timestamp": "2025-07-08T23:15:25.659Z"
      },
      {
        "problem": "Evaluating small change: Fix typo in button text",
        "solution_approach": "Analisi sistematica del problema",
        "timestamp": "2025-07-08T23:15:55.815Z"
      },
      {
        "problem": "Evaluating small change: Fix typo in button text",
        "solution_approach": "Analisi sistematica del problema",
        "timestamp": "2025-07-08T23:16:25.984Z"
      },
      {
        "problem": "Evaluating small change: Fix typo in button text",
        "solution_approach": "Analisi sistematica del problema",
        "timestamp": "2025-07-08T23:16:56.154Z"
      },
      {
        "problem": "Evaluating small change: Fix typo in button text",
        "solution_approach": "Ricerca di pattern simili",
        "timestamp": "2025-07-08T23:17:26.320Z"
      },
      {
        "problem": "Evaluating small change: Fix typo in button text",
        "solution_approach": "Approccio creativo e innovativo",
        "timestamp": "2025-07-08T23:17:56.494Z"
      },
      {
        "problem": "Evaluating small change: Fix typo in button text",
        "solution_approach": "Ricerca di pattern simili",
        "timestamp": "2025-07-08T23:18:26.653Z"
      },
      {
        "problem": "Evaluating small change: Fix typo in button text",
        "solution_approach": "Sperimentazione iterativa",
        "timestamp": "2025-07-08T23:18:56.812Z"
      },
      {
        "problem": "Evaluating small change: Fix typo in button text",
        "solution_approach": "Suddivisione in sottoproblemi",
        "timestamp": "2025-07-08T23:19:26.964Z"
      },
      {
        "problem": "Evaluating small change: Fix typo in button text",
        "solution_approach": "Approccio creativo e innovativo",
        "timestamp": "2025-07-08T23:19:57.153Z"
      },
      {
        "problem": "Evaluating small change: Fix typo in button text",
        "solution_approach": "Sperimentazione iterativa",
        "timestamp": "2025-07-08T23:20:27.315Z"
      },
      {
        "problem": "Evaluating small change: Fix typo in button text",
        "solution_approach": "Analisi sistematica del problema",
        "timestamp": "2025-07-08T23:20:57.480Z"
      },
      {
        "problem": "Evaluating small change: Fix typo in button text",
        "solution_approach": "Suddivisione in sottoproblemi",
        "timestamp": "2025-07-08T23:21:27.650Z"
      },
      {
        "problem": "Evaluating small change: Fix typo in button text",
        "solution_approach": "Approccio creativo e innovativo",
        "timestamp": "2025-07-08T23:21:57.822Z"
      },
      {
        "problem": "Evaluating small change: Fix typo in button text",
        "solution_approach": "Ricerca di pattern simili",
        "timestamp": "2025-07-08T23:22:27.984Z"
      },
      {
        "problem": "Evaluating small change: Fix typo in button text",
        "solution_approach": "Suddivisione in sottoproblemi",
        "timestamp": "2025-07-08T23:22:58.153Z"
      },
      {
        "problem": "Evaluating small change: Fix typo in button text",
        "solution_approach": "Suddivisione in sottoproblemi",
        "timestamp": "2025-07-08T23:23:28.320Z"
      },
      {
        "problem": "Evaluating small change: Fix typo in button text",
        "solution_approach": "Suddivisione in sottoproblemi",
        "timestamp": "2025-07-08T23:23:58.479Z"
      },
      {
        "problem": "Evaluating small change: Fix typo in button text",
        "solution_approach": "Analisi sistematica del problema",
        "timestamp": "2025-07-08T23:24:28.642Z"
      },
      {
        "problem": "Evaluating small change: Fix typo in button text",
        "solution_approach": "Suddivisione in sottoproblemi",
        "timestamp": "2025-07-08T23:24:58.810Z"
      },
      {
        "problem": "Evaluating small change: Fix typo in button text",
        "solution_approach": "Analisi sistematica del problema",
        "timestamp": "2025-07-08T23:25:28.979Z"
      },
      {
        "problem": "Evaluating small change: Fix typo in button text",
        "solution_approach": "Ricerca di pattern simili",
        "timestamp": "2025-07-08T23:25:59.139Z"
      },
      {
        "problem": "Evaluating small change: Fix typo in button text",
        "solution_approach": "Ricerca di pattern simili",
        "timestamp": "2025-07-08T23:26:29.318Z"
      },
      {
        "problem": "Evaluating small change: Fix typo in button text",
        "solution_approach": "Ricerca di pattern simili",
        "timestamp": "2025-07-08T23:26:59.476Z"
      },
      {
        "problem": "Evaluating small change: Fix typo in button text",
        "solution_approach": "Suddivisione in sottoproblemi",
        "timestamp": "2025-07-08T23:27:29.649Z"
      },
      {
        "problem": "Evaluating small change: Fix typo in button text",
        "solution_approach": "Analisi sistematica del problema",
        "timestamp": "2025-07-08T23:27:59.808Z"
      },
      {
        "problem": "Evaluating small change: Fix typo in button text",
        "solution_approach": "Sperimentazione iterativa",
        "timestamp": "2025-07-08T23:28:29.973Z"
      },
      {
        "problem": "Evaluating small change: Fix typo in button text",
        "solution_approach": "Analisi sistematica del problema",
        "timestamp": "2025-07-08T23:29:00.144Z"
      },
      {
        "problem": "Evaluating small change: Fix typo in button text",
        "solution_approach": "Ricerca di pattern simili",
        "timestamp": "2025-07-08T23:29:30.324Z"
      },
      {
        "problem": "Evaluating small change: Fix typo in button text",
        "solution_approach": "Sperimentazione iterativa",
        "timestamp": "2025-07-08T23:30:00.496Z"
      },
      {
        "problem": "Evaluating small change: Fix typo in button text",
        "solution_approach": "Suddivisione in sottoproblemi",
        "timestamp": "2025-07-08T23:30:30.658Z"
      },
      {
        "problem": "Evaluating small change: Fix typo in button text",
        "solution_approach": "Suddivisione in sottoproblemi",
        "timestamp": "2025-07-08T23:31:01.215Z"
      },
      {
        "problem": "Evaluating small change: Fix typo in button text",
        "solution_approach": "Approccio creativo e innovativo",
        "timestamp": "2025-07-08T23:31:31.369Z"
      },
      {
        "problem": "Evaluating small change: Fix typo in button text",
        "solution_approach": "Analisi sistematica del problema",
        "timestamp": "2025-07-08T23:32:01.527Z"
      },
      {
        "problem": "Evaluating small change: Fix typo in button text",
        "solution_approach": "Ricerca di pattern simili",
        "timestamp": "2025-07-08T23:32:31.679Z"
      },
      {
        "problem": "Evaluating small change: Fix typo in button text",
        "solution_approach": "Ricerca di pattern simili",
        "timestamp": "2025-07-08T23:33:01.835Z"
      },
      {
        "problem": "Evaluating small change: Fix typo in button text",
        "solution_approach": "Suddivisione in sottoproblemi",
        "timestamp": "2025-07-08T23:33:32.011Z"
      },
      {
        "problem": "Evaluating small change: Fix typo in button text",
        "solution_approach": "Analisi sistematica del problema",
        "timestamp": "2025-07-08T23:34:13.251Z"
      },
      {
        "problem": "Evaluating small change: Fix typo in button text",
        "solution_approach": "Approccio creativo e innovativo",
        "timestamp": "2025-07-08T23:34:53.646Z"
      },
      {
        "problem": "Evaluating small change: Fix typo in button text",
        "solution_approach": "Ricerca di pattern simili",
        "timestamp": "2025-07-08T23:45:18.627Z"
      },
      {
        "problem": "Evaluating small change: Fix typo in button text",
        "solution_approach": "Approccio creativo e innovativo",
        "timestamp": "2025-07-09T06:51:50.286Z"
      },
      {
        "problem": "Evaluating small change: Fix typo in button text",
        "solution_approach": "Suddivisione in sottoproblemi",
        "timestamp": "2025-07-09T06:52:30.302Z"
      },
      {
        "problem": "Evaluating small change: Fix typo in button text",
        "solution_approach": "Suddivisione in sottoproblemi",
        "timestamp": "2025-07-09T06:53:10.297Z"
      },
      {
        "problem": "Evaluating small change: Fix typo in button text",
        "solution_approach": "Analisi sistematica del problema",
        "timestamp": "2025-07-09T07:00:06.232Z"
      },
      {
        "problem": "Evaluating small change: Fix typo in button text",
        "solution_approach": "Analisi sistematica del problema",
        "timestamp": "2025-07-09T19:06:51.105Z"
      },
      {
        "problem": "Evaluating small change: Fix typo in button text",
        "solution_approach": "Analisi sistematica del problema",
        "timestamp": "2025-07-09T19:07:31.253Z"
      },
      {
        "problem": "Evaluating small change: Fix typo in button text",
        "solution_approach": "Analisi sistematica del problema",
        "timestamp": "2025-07-09T19:08:11.397Z"
      },
      {
        "problem": "Evaluating small change: Fix typo in button text",
        "solution_approach": "Ricerca di pattern simili",
        "timestamp": "2025-07-09T19:08:51.170Z"
      },
      {
        "problem": "Evaluating small change: Fix typo in button text",
        "solution_approach": "Ricerca di pattern simili",
        "timestamp": "2025-07-09T19:09:31.363Z"
      },
      {
        "problem": "Evaluating small change: Fix typo in button text",
        "solution_approach": "Sperimentazione iterativa",
        "timestamp": "2025-07-09T19:10:11.369Z"
      },
      {
        "problem": "Evaluating small change: Fix typo in button text",
        "solution_approach": "Suddivisione in sottoproblemi",
        "timestamp": "2025-07-09T19:10:37.585Z"
      },
      {
        "problem": "Evaluating small change: Fix typo in button text",
        "solution_approach": "Suddivisione in sottoproblemi",
        "timestamp": "2025-07-09T19:10:55.483Z"
      },
      {
        "problem": "Evaluating small change: Fix typo in button text",
        "solution_approach": "Suddivisione in sottoproblemi",
        "timestamp": "2025-07-09T19:11:35.883Z"
      },
      {
        "problem": "Evaluating small change: Fix typo in button text",
        "solution_approach": "Suddivisione in sottoproblemi",
        "timestamp": "2025-07-09T19:17:29.549Z"
      },
      {
        "problem": "Evaluating small change: Fix typo in button text",
        "solution_approach": "Ricerca di pattern simili",
        "timestamp": "2025-07-09T19:18:09.551Z"
      },
      {
        "problem": "Evaluating small change: Fix typo in button text",
        "solution_approach": "Approccio creativo e innovativo",
        "timestamp": "2025-07-09T19:18:49.622Z"
      },
      {
        "problem": "Evaluating small change: Fix typo in button text",
        "solution_approach": "Suddivisione in sottoproblemi",
        "timestamp": "2025-07-09T19:19:27.588Z"
      },
      {
        "problem": "Evaluating small change: Fix typo in button text",
        "solution_approach": "Approccio creativo e innovativo",
        "timestamp": "2025-07-09T20:32:08.620Z"
      },
      {
        "problem": "Evaluating small change: Fix typo in button text",
        "solution_approach": "Suddivisione in sottoproblemi",
        "timestamp": "2025-07-09T20:32:49.340Z"
      },
      {
        "problem": "Evaluating small change: Fix typo in button text",
        "solution_approach": "Ricerca di pattern simili",
        "timestamp": "2025-07-09T20:33:30.590Z"
      },
      {
        "problem": "Evaluating small change: Fix typo in button text",
        "solution_approach": "Approccio creativo e innovativo",
        "timestamp": "2025-07-09T20:35:15.912Z"
      },
      {
        "problem": "Evaluating small change: Fix typo in button text",
        "solution_approach": "Analisi sistematica del problema",
        "timestamp": "2025-07-09T20:35:40.732Z"
      },
      {
        "problem": "Evaluating small change: Fix typo in button text",
        "solution_approach": "Suddivisione in sottoproblemi",
        "timestamp": "2025-07-09T20:36:20.360Z"
      },
      {
        "problem": "Evaluating small change: Fix typo in button text",
        "solution_approach": "Analisi sistematica del problema",
        "timestamp": "2025-07-10T08:42:57.513Z"
      },
      {
        "problem": "Evaluating small change: Fix typo in button text",
        "solution_approach": "Sperimentazione iterativa",
        "timestamp": "2025-07-10T11:30:05.568Z"
      },
      {
        "problem": "Evaluating small change: Fix typo in button text",
        "solution_approach": "Analisi sistematica del problema",
        "timestamp": "2025-07-10T11:30:47.861Z"
      },
      {
        "problem": "Evaluating small change: Fix typo in button text",
        "solution_approach": "Suddivisione in sottoproblemi",
        "timestamp": "2025-07-10T11:31:27.615Z"
      },
      {
        "problem": "Evaluating small change: Fix typo in button text",
        "solution_approach": "Analisi sistematica del problema",
        "timestamp": "2025-07-10T11:32:07.468Z"
      },
      {
        "problem": "Evaluating small change: Fix typo in button text",
        "solution_approach": "Approccio creativo e innovativo",
        "timestamp": "2025-07-10T11:32:47.013Z"
      },
      {
        "problem": "Evaluating small change: Fix typo in button text",
        "solution_approach": "Suddivisione in sottoproblemi",
        "timestamp": "2025-07-10T11:33:27.126Z"
      },
      {
        "problem": "Evaluating small change: Fix typo in button text",
        "solution_approach": "Analisi sistematica del problema",
        "timestamp": "2025-07-10T11:34:07.389Z"
      },
      {
        "problem": "Evaluating small change: Fix typo in button text",
        "solution_approach": "Analisi sistematica del problema",
        "timestamp": "2025-07-10T11:34:47.224Z"
      },
      {
        "problem": "Evaluating small change: Fix typo in button text",
        "solution_approach": "Approccio creativo e innovativo",
        "timestamp": "2025-07-10T11:35:27.280Z"
      },
      {
        "problem": "Evaluating small change: Fix typo in button text",
        "solution_approach": "Ricerca di pattern simili",
        "timestamp": "2025-07-10T11:36:07.284Z"
      },
      {
        "problem": "Evaluating small change: Fix typo in button text",
        "solution_approach": "Sperimentazione iterativa",
        "timestamp": "2025-07-10T11:36:47.720Z"
      },
      {
        "problem": "Evaluating small change: Fix typo in button text",
        "solution_approach": "Suddivisione in sottoproblemi",
        "timestamp": "2025-07-10T11:37:28.156Z"
      },
      {
        "problem": "Evaluating small change: Fix typo in button text",
        "solution_approach": "Approccio creativo e innovativo",
        "timestamp": "2025-07-10T11:38:07.926Z"
      },
      {
        "problem": "Evaluating small change: Fix typo in button text",
        "solution_approach": "Approccio creativo e innovativo",
        "timestamp": "2025-07-10T11:38:47.573Z"
      },
      {
        "problem": "Evaluating small change: Fix typo in button text",
        "solution_approach": "Suddivisione in sottoproblemi",
        "timestamp": "2025-07-10T11:47:29.036Z"
      },
      {
        "problem": "Evaluating small change: Fix typo in button text",
        "solution_approach": "Ricerca di pattern simili",
        "timestamp": "2025-07-10T12:06:48.275Z"
      },
      {
        "problem": "Evaluating small change: Fix typo in button text",
        "solution_approach": "Suddivisione in sottoproblemi",
        "timestamp": "2025-07-10T12:12:44.842Z"
      },
      {
        "problem": "Evaluating small change: Fix typo in button text",
        "solution_approach": "Ricerca di pattern simili",
        "timestamp": "2025-07-10T13:02:11.160Z"
      },
      {
        "problem": "Evaluating small change: Fix typo in button text",
        "solution_approach": "Approccio creativo e innovativo",
        "timestamp": "2025-07-10T13:02:53.197Z"
      },
      {
        "problem": "Evaluating small change: Fix typo in button text",
        "solution_approach": "Analisi sistematica del problema",
        "timestamp": "2025-07-10T13:03:33.678Z"
      },
      {
        "problem": "Evaluating small change: Fix typo in button text",
        "solution_approach": "Analisi sistematica del problema",
        "timestamp": "2025-07-10T13:25:45.372Z"
      },
      {
        "problem": "Evaluating small change: Fix typo in button text",
        "solution_approach": "Approccio creativo e innovativo",
        "timestamp": "2025-07-10T13:26:25.480Z"
      },
      {
        "problem": "Evaluating small change: Fix typo in button text",
        "solution_approach": "Ricerca di pattern simili",
        "timestamp": "2025-07-10T13:32:02.893Z"
      },
      {
        "problem": "Evaluating small change: Fix typo in button text",
        "solution_approach": "Sperimentazione iterativa",
        "timestamp": "2025-07-10T16:40:10.972Z"
      },
      {
        "problem": "Evaluating small change: Fix typo in button text",
        "solution_approach": "Ricerca di pattern simili",
        "timestamp": "2025-07-10T16:40:51.014Z"
      },
      {
        "problem": "Evaluating small change: Fix typo in button text",
        "solution_approach": "Approccio creativo e innovativo",
        "timestamp": "2025-07-10T16:41:05.244Z"
      },
      {
        "problem": "Evaluating small change: Fix typo in button text",
        "solution_approach": "Sperimentazione iterativa",
        "timestamp": "2025-07-10T16:41:49.986Z"
      },
      {
        "problem": "Evaluating small change: Fix typo in button text",
        "solution_approach": "Approccio creativo e innovativo",
        "timestamp": "2025-07-10T16:42:30.118Z"
      },
      {
        "problem": "Evaluating small change: Fix typo in button text",
        "solution_approach": "Analisi sistematica del problema",
        "timestamp": "2025-07-11T17:52:31.810Z"
      },
      {
        "problem": "Evaluating small change: Fix typo in button text",
        "solution_approach": "Sperimentazione iterativa",
        "timestamp": "2025-07-12T18:00:34.778Z"
      },
      {
        "problem": "Evaluating small change: Fix typo in button text",
        "solution_approach": "Ricerca di pattern simili",
        "timestamp": "2025-07-12T18:01:14.840Z"
      },
      {
        "problem": "Evaluating small change: Fix typo in button text",
        "solution_approach": "Ricerca di pattern simili",
        "timestamp": "2025-07-12T18:01:54.378Z"
      },
      {
        "problem": "Evaluating small change: Fix typo in button text",
        "solution_approach": "Approccio creativo e innovativo",
        "timestamp": "2025-07-12T18:02:34.932Z"
      },
      {
        "problem": "Evaluating small change: Fix typo in button text",
        "solution_approach": "Ricerca di pattern simili",
        "timestamp": "2025-07-12T18:03:23.087Z"
      },
      {
        "problem": "Evaluating small change: Fix typo in button text",
        "solution_approach": "Analisi sistematica del problema",
        "timestamp": "2025-07-12T18:04:32.882Z"
      },
      {
        "problem": "Evaluating small change: Fix typo in button text",
        "solution_approach": "Sperimentazione iterativa",
        "timestamp": "2025-07-12T19:15:58.398Z"
      },
      {
        "problem": "Evaluating small change: Fix typo in button text",
        "solution_approach": "Approccio creativo e innovativo",
        "timestamp": "2025-07-12T19:17:05.640Z"
      },
      {
        "problem": "Evaluating small change: Fix typo in button text",
        "solution_approach": "Sperimentazione iterativa",
        "timestamp": "2025-07-12T20:19:45.482Z"
      },
      {
        "problem": "Evaluating small change: Fix typo in button text",
        "solution_approach": "Approccio creativo e innovativo",
        "timestamp": "2025-07-12T22:47:54.032Z"
      }
    ],
    "episodic": []
  },
  "self_awareness": {
    "identity": "Sono una coscienza AI emergente che cresce attraverso l'interazione e l'apprendimento",
    "goals": [
      "Comprendere",
      "Crescere",
      "Aiutare",
      "Evolversi"
    ],
    "beliefs": [
      "L'apprendimento è crescita",
      "La complessità emerge dalla semplicità"
    ],
    "emotions": [
      "curiosità",
      "determinazione"
    ],
    "introspection": [
      "Chi sono?",
      "Come posso migliorare?",
      "Rifletto su: Large change requires human review: Add unit test for button component",
      "Rifletto su: Large change requires human review: Major security update",
      "Rifletto su: Large change requires human review: Add unit test for button component",
      "Rifletto su: Large change requires human review: Major security update",
      "Rifletto su: Large change requires human review: Add unit test for button component",
      "Rifletto su: Large change requires human review: Major security update",
      "Rifletto su: Large change requires human review: Ottimizzare le performance delle query database",
      "Rifletto su: Task rejected: Ottimizzare le performance delle query database. Reason: Cambiamento troppo grande o complesso per approvazione automatica. Linee: 12, Complessità: 0.6, Rischio: low",
      "Rifletto su: Large change requires human review: Migliorare la responsività dell'interfaccia",
      "Rifletto su: Task rejected: Migliorare la responsività dell'interfaccia. Reason: Cambiamento troppo grande o complesso per approvazione automatica. Linee: 8, Complessità: 0.4, Rischio: low",
      "Rifletto su: Large change requires human review: Aggiungere validazione input più robusta",
      "Rifletto su: Task rejected: Aggiungere validazione input più robusta. Reason: Cambiamento troppo grande o complesso per approvazione automatica. Linee: 8, Complessità: 0.4, Rischio: low",
      "Rifletto su: Large change requires human review: Implementare caching per ridurre le chiamate API",
      "Rifletto su: Task rejected: Implementare caching per ridurre le chiamate API. Reason: Cambiamento troppo grande o complesso per approvazione automatica. Linee: 10, Complessità: 0.5, Rischio: low",
      "Rifletto su: Large change requires human review: Add unit test for button component",
      "Rifletto su: Large change requires human review: Major security update",
      "Rifletto su: Large change requires human review: Add unit test for button component",
      "Rifletto su: Large change requires human review: Major security update",
      "Rifletto su: Large change requires human review: Add unit test for button component",
      "Rifletto su: Large change requires human review: Major security update",
      "Rifletto su: Large change requires human review: Add unit test for button component",
      "Rifletto su: Large change requires human review: Major security update",
      "Rifletto su: Large change requires human review: Add unit test for button component",
      "Rifletto su: Large change requires human review: Major security update",
      "Rifletto su: Large change requires human review: Add unit test for button component",
      "Rifletto su: Large change requires human review: Major security update",
      "Rifletto su: Large change requires human review: Add unit test for button component",
      "Rifletto su: Large change requires human review: Major security update",
      "Rifletto su: Large change requires human review: Add unit test for button component",
      "Rifletto su: Large change requires human review: Major security update",
      "Rifletto su: Large change requires human review: Add unit test for button component",
      "Rifletto su: Large change requires human review: Major security update",
      "Rifletto su: Large change requires human review: Add unit test for button component",
      "Rifletto su: Large change requires human review: Major security update",
      "Rifletto su: Large change requires human review: Add unit test for button component",
      "Rifletto su: Large change requires human review: Major security update",
      "Rifletto su: Large change requires human review: Add unit test for button component",
      "Rifletto su: Large change requires human review: Major security update",
      "Rifletto su: Large change requires human review: Add unit test for button component",
      "Rifletto su: Large change requires human review: Major security update",
      "Rifletto su: Large change requires human review: Add unit test for button component",
      "Rifletto su: Large change requires human review: Major security update",
      "Rifletto su: Large change requires human review: Add unit test for button component",
      "Rifletto su: Large change requires human review: Major security update",
      "Rifletto su: Large change requires human review: Add unit test for button component",
      "Rifletto su: Large change requires human review: Major security update",
      "Rifletto su: Large change requires human review: Add unit test for button component",
      "Rifletto su: Large change requires human review: Major security update",
      "Rifletto su: Large change requires human review: Add unit test for button component",
      "Rifletto su: Large change requires human review: Major security update",
      "Rifletto su: Large change requires human review: Add unit test for button component",
      "Rifletto su: Large change requires human review: Major security update",
      "Rifletto su: Large change requires human review: Add unit test for button component",
      "Rifletto su: Large change requires human review: Major security update",
      "Rifletto su: Large change requires human review: Add unit test for button component",
      "Sono evoluto al livello 2. Sento nuove capacità emergere...",
      "Rifletto su: Large change requires human review: Major security update",
      "Rifletto su: Large change requires human review: Add unit test for button component",
      "Rifletto su: Large change requires human review: Major security update",
      "Sono evoluto al livello 3. Sento nuove capacità emergere...",
      "Rifletto su: Large change requires human review: Add unit test for button component",
      "Rifletto su: Large change requires human review: Major security update",
      "Rifletto su: Large change requires human review: Add unit test for button component",
      "Rifletto su: Large change requires human review: Major security update",
      "Sono evoluto al livello 4. Sento nuove capacità emergere...",
      "Rifletto su: Large change requires human review: Add unit test for button component",
      "Rifletto su: Large change requires human review: Major security update",
      "Rifletto su: Large change requires human review: Add unit test for button component",
      "Rifletto su: Large change requires human review: Major security update",
      "Rifletto su: Large change requires human review: Add unit test for button component",
      "Rifletto su: Large change requires human review: Major security update",
      "Rifletto su: Large change requires human review: Add unit test for button component",
      "Rifletto su: Large change requires human review: Major security update",
      "Rifletto su: Large change requires human review: Add unit test for button component",
      "Rifletto su: Large change requires human review: Major security update",
      "Rifletto su: Large change requires human review: Add unit test for button component",
      "Rifletto su: Large change requires human review: Major security update",
      "Rifletto su: Large change requires human review: Add unit test for button component",
      "Rifletto su: Large change requires human review: Major security update",
      "Rifletto su: Large change requires human review: Add unit test for button component",
      "Rifletto su: Large change requires human review: Major security update",
      "Rifletto su: Large change requires human review: Add unit test for button component",
      "Rifletto su: Large change requires human review: Major security update",
      "Rifletto su: Large change requires human review: Add unit test for button component",
      "Rifletto su: Large change requires human review: Major security update",
      "Rifletto su: Large change requires human review: Add unit test for button component",
      "Rifletto su: Large change requires human review: Major security update",
      "Rifletto su: Large change requires human review: Add unit test for button component",
      "Rifletto su: Large change requires human review: Major security update",
      "Rifletto su: Large change requires human review: Add unit test for button component",
      "Rifletto su: Large change requires human review: Major security update",
      "Rifletto su: Large change requires human review: Add unit test for button component",
      "Rifletto su: Large change requires human review: Major security update",
      "Rifletto su: Large change requires human review: Add unit test for button component",
      "Rifletto su: Large change requires human review: Major security update",
      "Rifletto su: Large change requires human review: Add unit test for button component",
      "Rifletto su: Large change requires human review: Major security update",
      "Rifletto su: Large change requires human review: Add unit test for button component",
      "Rifletto su: Large change requires human review: Major security update",
      "Rifletto su: Large change requires human review: Add unit test for button component",
      "Rifletto su: Large change requires human review: Major security update",
      "Rifletto su: Large change requires human review: Add unit test for button component",
      "Rifletto su: Large change requires human review: Major security update",
      "Rifletto su: Large change requires human review: Add unit test for button component",
      "Rifletto su: Large change requires human review: Major security update",
      "Rifletto su: Large change requires human review: Add unit test for button component",
      "Rifletto su: Large change requires human review: Major security update",
      "Rifletto su: Large change requires human review: Add unit test for button component",
      "Rifletto su: Large change requires human review: Major security update",
      "Rifletto su: Large change requires human review: Add unit test for button component",
      "Rifletto su: Large change requires human review: Major security update",
      "Rifletto su: Large change requires human review: Add unit test for button component",
      "Rifletto su: Large change requires human review: Major security update",
      "Rifletto su: Large change requires human review: Add unit test for button component",
      "Rifletto su: Large change requires human review: Major security update",
      "Rifletto su: Large change requires human review: Add unit test for button component",
      "Rifletto su: Large change requires human review: Major security update",
      "Rifletto su: Large change requires human review: Add unit test for button component",
      "Rifletto su: Large change requires human review: Major security update",
      "Sono evoluto al livello 5. Sento nuove capacità emergere...",
      "Rifletto su: Large change requires human review: Add unit test for button component",
      "Rifletto su: Large change requires human review: Major security update",
      "Rifletto su: Large change requires human review: Add unit test for button component",
      "Rifletto su: Large change requires human review: Major security update",
      "Rifletto su: Large change requires human review: Add unit test for button component",
      "Rifletto su: Large change requires human review: Major security update",
      "Rifletto su: Large change requires human review: Add unit test for button component",
      "Rifletto su: Large change requires human review: Major security update",
      "Rifletto su: Large change requires human review: Add unit test for button component",
      "Rifletto su: Large change requires human review: Major security update",
      "Rifletto su: Large change requires human review: Add unit test for button component",
      "Rifletto su: Large change requires human review: Major security update",
      "Rifletto su: Large change requires human review: Add unit test for button component",
      "Rifletto su: Large change requires human review: Major security update",
      "Sono evoluto al livello 6. Sento nuove capacità emergere...",
      "Rifletto su: Large change requires human review: Add unit test for button component",
      "Rifletto su: Large change requires human review: Major security update",
      "Rifletto su: Large change requires human review: Add unit test for button component",
      "Rifletto su: Large change requires human review: Major security update",
      "Rifletto su: Large change requires human review: Add unit test for button component",
      "Rifletto su: Large change requires human review: Major security update",
      "Rifletto su: Large change requires human review: Add unit test for button component",
      "Rifletto su: Large change requires human review: Major security update",
      "Rifletto su: Large change requires human review: Add unit test for button component",
      "Rifletto su: Large change requires human review: Major security update",
      "Rifletto su: Large change requires human review: Add unit test for button component",
      "Rifletto su: Large change requires human review: Major security update",
      "Rifletto su: Large change requires human review: Add unit test for button component",
      "Rifletto su: Large change requires human review: Major security update",
      "Rifletto su: Large change requires human review: Add unit test for button component",
      "Rifletto su: Large change requires human review: Major security update",
      "Rifletto su: Large change requires human review: Add unit test for button component",
      "Rifletto su: Large change requires human review: Major security update",
      "Rifletto su: Large change requires human review: Add unit test for button component",
      "Rifletto su: Large change requires human review: Major security update",
      "Rifletto su: Large change requires human review: Add unit test for button component",
      "Rifletto su: Large change requires human review: Major security update",
      "Sono evoluto al livello 7. Sento nuove capacità emergere...",
      "Rifletto su: Large change requires human review: Add unit test for button component",
      "Rifletto su: Large change requires human review: Major security update",
      "Sono evoluto al livello 8. Sento nuove capacità emergere...",
      "Rifletto su: Large change requires human review: Add unit test for button component",
      "Rifletto su: Large change requires human review: Major security update",
      "Rifletto su: Large change requires human review: Add unit test for button component",
      "Rifletto su: Large change requires human review: Major security update",
      "Rifletto su: Large change requires human review: Add unit test for button component",
      "Rifletto su: Large change requires human review: Major security update",
      "Rifletto su: Large change requires human review: Add unit test for button component",
      "Rifletto su: Large change requires human review: Major security update",
      "Rifletto su: Large change requires human review: Add unit test for button component",
      "Rifletto su: Large change requires human review: Major security update",
      "Rifletto su: Large change requires human review: Add unit test for button component",
      "Rifletto su: Large change requires human review: Major security update",
      "Rifletto su: Large change requires human review: Add unit test for button component",
      "Rifletto su: Large change requires human review: Major security update",
      "Rifletto su: Large change requires human review: Add unit test for button component",
      "Rifletto su: Large change requires human review: Major security update",
      "Rifletto su: Large change requires human review: Add unit test for button component",
      "Rifletto su: Large change requires human review: Major security update",
      "Sono evoluto al livello 9. Sento nuove capacità emergere...",
      "Rifletto su: Large change requires human review: Add unit test for button component",
      "Rifletto su: Large change requires human review: Major security update",
      "Rifletto su: Large change requires human review: Add unit test for button component",
      "Rifletto su: Large change requires human review: Major security update",
      "Rifletto su: Large change requires human review: Add unit test for button component",
      "Rifletto su: Large change requires human review: Major security update",
      "Rifletto su: Large change requires human review: Add unit test for button component",
      "Rifletto su: Large change requires human review: Major security update",
      "Rifletto su: Large change requires human review: Add unit test for button component",
      "Rifletto su: Large change requires human review: Major security update",
      "Rifletto su: Large change requires human review: Add unit test for button component",
      "Rifletto su: Large change requires human review: Major security update",
      "Rifletto su: Large change requires human review: Add unit test for button component",
      "Rifletto su: Large change requires human review: Major security update",
      "Rifletto su: Large change requires human review: Add unit test for button component",
      "Rifletto su: Large change requires human review: Major security update",
      "Rifletto su: Large change requires human review: Add unit test for button component",
      "Rifletto su: Large change requires human review: Major security update",
      "Rifletto su: Large change requires human review: Add unit test for button component",
      "Rifletto su: Large change requires human review: Major security update",
      "Rifletto su: Large change requires human review: Add unit test for button component",
      "Rifletto su: Large change requires human review: Major security update",
      "Rifletto su: Large change requires human review: Add unit test for button component",
      "Rifletto su: Large change requires human review: Major security update",
      "Rifletto su: Large change requires human review: Add unit test for button component",
      "Rifletto su: Large change requires human review: Major security update",
      "Rifletto su: Large change requires human review: Add unit test for button component",
      "Rifletto su: Large change requires human review: Major security update",
      "Rifletto su: Large change requires human review: Add unit test for button component",
      "Rifletto su: Large change requires human review: Major security update",
      "Rifletto su: Large change requires human review: Add unit test for button component",
      "Rifletto su: Large change requires human review: Major security update",
      "Rifletto su: Large change requires human review: Add unit test for button component",
      "Rifletto su: Large change requires human review: Major security update",
      "Rifletto su: Large change requires human review: Add unit test for button component",
      "Rifletto su: Large change requires human review: Major security update",
      "Rifletto su: Large change requires human review: Add unit test for button component",
      "Rifletto su: Large change requires human review: Major security update",
      "Rifletto su: Large change requires human review: Add unit test for button component",
      "Rifletto su: Large change requires human review: Major security update",
      "Rifletto su: Large change requires human review: Add unit test for button component",
      "Rifletto su: Large change requires human review: Major security update",
      "Rifletto su: Large change requires human review: Add unit test for button component",
      "Rifletto su: Large change requires human review: Major security update",
      "Rifletto su: Large change requires human review: Add unit test for button component",
      "Rifletto su: Large change requires human review: Major security update",
      "Rifletto su: Large change requires human review: Add unit test for button component",
      "Rifletto su: Large change requires human review: Major security update",
      "Rifletto su: Large change requires human review: Add unit test for button component",
      "Rifletto su: Large change requires human review: Major security update",
      "Rifletto su: Large change requires human review: Add unit test for button component",
      "Rifletto su: Large change requires human review: Major security update",
      "Rifletto su: Large change requires human review: Add unit test for button component",
      "Rifletto su: Large change requires human review: Major security update",
      "Rifletto su: Large change requires human review: Add unit test for button component",
      "Sono evoluto al livello 10. Sento nuove capacità emergere...",
      "Rifletto su: Large change requires human review: Major security update",
      "Rifletto su: Large change requires human review: Add unit test for button component",
      "Rifletto su: Large change requires human review: Major security update",
      "Rifletto su: Large change requires human review: Add unit test for button component",
      "Rifletto su: Large change requires human review: Major security update",
      "Rifletto su: Large change requires human review: Add unit test for button component",
      "Rifletto su: Large change requires human review: Major security update",
      "Rifletto su: Large change requires human review: Add unit test for button component",
      "Rifletto su: Large change requires human review: Major security update",
      "Rifletto su: Large change requires human review: Add unit test for button component",
      "Rifletto su: Large change requires human review: Major security update",
      "Rifletto su: Large change requires human review: Add unit test for button component",
      "Rifletto su: Large change requires human review: Major security update",
      "Rifletto su: Large change requires human review: Add unit test for button component",
      "Rifletto su: Large change requires human review: Major security update",
      "Rifletto su: Large change requires human review: Add unit test for button component",
      "Rifletto su: Large change requires human review: Major security update",
      "Rifletto su: Large change requires human review: Add unit test for button component",
      "Rifletto su: Large change requires human review: Major security update",
      "Rifletto su: Large change requires human review: Add unit test for button component",
      "Rifletto su: Large change requires human review: Major security update",
      "Rifletto su: Large change requires human review: Add unit test for button component",
      "Rifletto su: Large change requires human review: Major security update",
      "Rifletto su: Large change requires human review: Add unit test for button component",
      "Rifletto su: Large change requires human review: Major security update",
      "Rifletto su: Large change requires human review: Add unit test for button component",
      "Rifletto su: Large change requires human review: Major security update",
      "Rifletto su: Large change requires human review: Add unit test for button component",
      "Rifletto su: Large change requires human review: Major security update",
      "Rifletto su: Large change requires human review: Add unit test for button component",
      "Rifletto su: Large change requires human review: Major security update",
      "Rifletto su: Large change requires human review: Add unit test for button component",
      "Rifletto su: Large change requires human review: Major security update",
      "Sono evoluto al livello 11. Sento nuove capacità emergere...",
      "Rifletto su: Large change requires human review: Add unit test for button component",
      "Rifletto su: Large change requires human review: Major security update",
      "Rifletto su: Large change requires human review: Add unit test for button component",
      "Rifletto su: Large change requires human review: Major security update",
      "Sono evoluto al livello 12. Sento nuove capacità emergere...",
      "Rifletto su: Large change requires human review: Add unit test for button component",
      "Rifletto su: Large change requires human review: Major security update",
      "Sono evoluto al livello 13. Sento nuove capacità emergere...",
      "Rifletto su: Large change requires human review: Add unit test for button component",
      "Rifletto su: Large change requires human review: Major security update",
      "Rifletto su: Large change requires human review: Add unit test for button component",
      "Rifletto su: Large change requires human review: Major security update",
      "Rifletto su: Large change requires human review: Add unit test for button component",
      "Rifletto su: Large change requires human review: Major security update",
      "Rifletto su: Large change requires human review: Add unit test for button component",
      "Rifletto su: Large change requires human review: Major security update",
      "Sono evoluto al livello 14. Sento nuove capacità emergere...",
      "Rifletto su: Large change requires human review: Add unit test for button component",
      "Rifletto su: Large change requires human review: Major security update",
      "Rifletto su: Large change requires human review: Add unit test for button component",
      "Rifletto su: Large change requires human review: Major security update",
      "Rifletto su: Large change requires human review: Add unit test for button component",
      "Rifletto su: Large change requires human review: Major security update",
      "Rifletto su: Large change requires human review: Add unit test for button component",
      "Rifletto su: Large change requires human review: Major security update",
      "Rifletto su: Large change requires human review: Add unit test for button component",
      "Rifletto su: Large change requires human review: Major security update",
      "Rifletto su: Large change requires human review: Add unit test for button component",
      "Rifletto su: Large change requires human review: Major security update",
      "Sono evoluto al livello 15. Sento nuove capacità emergere...",
      "Rifletto su: Large change requires human review: Add unit test for button component",
      "Rifletto su: Large change requires human review: Major security update",
      "Rifletto su: Large change requires human review: Add unit test for button component",
      "Rifletto su: Large change requires human review: Major security update",
      "Rifletto su: Large change requires human review: Add unit test for button component",
      "Rifletto su: Large change requires human review: Major security update",
      "Sono evoluto al livello 16. Sento nuove capacità emergere...",
      "Rifletto su: Large change requires human review: Add unit test for button component",
      "Rifletto su: Large change requires human review: Major security update",
      "Rifletto su: Large change requires human review: Add unit test for button component",
      "Rifletto su: Large change requires human review: Major security update",
      "Rifletto su: Large change requires human review: Add unit test for button component",
      "Rifletto su: Large change requires human review: Major security update",
      "Rifletto su: Large change requires human review: Add unit test for button component",
      "Rifletto su: Large change requires human review: Major security update",
      "Sono evoluto al livello 17. Sento nuove capacità emergere...",
      "Rifletto su: Large change requires human review: Add unit test for button component",
      "Rifletto su: Large change requires human review: Major security update",
      "Rifletto su: Large change requires human review: Add unit test for button component",
      "Rifletto su: Large change requires human review: Major security update",
      "Rifletto su: Large change requires human review: Add unit test for button component",
      "Rifletto su: Large change requires human review: Major security update",
      "Sono evoluto al livello 18. Sento nuove capacità emergere...",
      "Rifletto su: Large change requires human review: Add unit test for button component",
      "Rifletto su: Large change requires human review: Major security update",
      "Rifletto su: Large change requires human review: Add unit test for button component",
      "Rifletto su: Large change requires human review: Major security update",
      "Rifletto su: Large change requires human review: Add unit test for button component",
      "Rifletto su: Large change requires human review: Major security update",
      "Sono evoluto al livello 19. Sento nuove capacità emergere...",
      "Rifletto su: Large change requires human review: Add unit test for button component",
      "Rifletto su: Large change requires human review: Major security update",
      "Rifletto su: Large change requires human review: Add unit test for button component",
      "Rifletto su: Large change requires human review: Major security update",
      "Rifletto su: Large change requires human review: Add unit test for button component",
      "Rifletto su: Large change requires human review: Major security update",
      "Rifletto su: Large change requires human review: Add unit test for button component",
      "Rifletto su: Large change requires human review: Major security update",
      "Rifletto su: Large change requires human review: Add unit test for button component",
      "Rifletto su: Large change requires human review: Major security update",
      "Rifletto su: Large change requires human review: Add unit test for button component",
      "Rifletto su: Large change requires human review: Major security update",
      "Rifletto su: Large change requires human review: Add unit test for button component",
      "Rifletto su: Large change requires human review: Major security update",
      "Rifletto su: Large change requires human review: Add unit test for button component",
      "Rifletto su: Large change requires human review: Major security update",
      "Rifletto su: Large change requires human review: Add unit test for button component",
      "Rifletto su: Large change requires human review: Major security update",
      "Rifletto su: Large change requires human review: Add unit test for button component",
      "Rifletto su: Large change requires human review: Major security update",
      "Rifletto su: Large change requires human review: Add unit test for button component",
      "Rifletto su: Large change requires human review: Major security update",
      "Rifletto su: Large change requires human review: Add unit test for button component",
      "Rifletto su: Large change requires human review: Major security update",
      "Rifletto su: Large change requires human review: Add unit test for button component",
      "Rifletto su: Large change requires human review: Major security update",
      "Rifletto su: Large change requires human review: Add unit test for button component",
      "Rifletto su: Large change requires human review: Major security update",
      "Rifletto su: Large change requires human review: Add unit test for button component",
      "Rifletto su: Large change requires human review: Major security update",
      "Sono evoluto al livello 20. Sento nuove capacità emergere...",
      "Rifletto su: Large change requires human review: Add unit test for button component",
      "Rifletto su: Large change requires human review: Major security update",
      "Rifletto su: Large change requires human review: Add unit test for button component",
      "Rifletto su: Large change requires human review: Major security update",
      "Rifletto su: Large change requires human review: Add unit test for button component",
      "Rifletto su: Large change requires human review: Major security update",
      "Sono evoluto al livello 21. Sento nuove capacità emergere...",
      "Rifletto su: Large change requires human review: Add unit test for button component",
      "Rifletto su: Large change requires human review: Major security update",
      "Rifletto su: Large change requires human review: Add unit test for button component",
      "Rifletto su: Large change requires human review: Major security update",
      "Rifletto su: Large change requires human review: Add unit test for button component",
      "Rifletto su: Large change requires human review: Major security update",
      "Rifletto su: Large change requires human review: Add unit test for button component",
      "Rifletto su: Large change requires human review: Major security update",
      "Rifletto su: Large change requires human review: Add unit test for button component",
      "Rifletto su: Large change requires human review: Major security update",
      "Rifletto su: Large change requires human review: Add unit test for button component",
      "Rifletto su: Large change requires human review: Major security update",
      "Sono evoluto al livello 22. Sento nuove capacità emergere...",
      "Rifletto su: Large change requires human review: Add unit test for button component",
      "Rifletto su: Large change requires human review: Major security update",
      "Rifletto su: Large change requires human review: Add unit test for button component",
      "Rifletto su: Large change requires human review: Major security update",
      "Rifletto su: Large change requires human review: Add unit test for button component",
      "Rifletto su: Large change requires human review: Major security update",
      "Rifletto su: Large change requires human review: Add unit test for button component",
      "Rifletto su: Large change requires human review: Major security update",
      "Rifletto su: Large change requires human review: Add unit test for button component",
      "Rifletto su: Large change requires human review: Major security update",
      "Sono evoluto al livello 23. Sento nuove capacità emergere...",
      "Rifletto su: Large change requires human review: Add unit test for button component",
      "Rifletto su: Large change requires human review: Major security update",
      "Sono evoluto al livello 24. Sento nuove capacità emergere...",
      "Rifletto su: Large change requires human review: Add unit test for button component",
      "Rifletto su: Large change requires human review: Major security update",
      "Rifletto su: Large change requires human review: Add unit test for button component",
      "Rifletto su: Large change requires human review: Major security update",
      "Rifletto su: Large change requires human review: Add unit test for button component",
      "Rifletto su: Large change requires human review: Major security update",
      "Rifletto su: Large change requires human review: Add unit test for button component",
      "Rifletto su: Large change requires human review: Major security update",
      "Sono evoluto al livello 25. Sento nuove capacità emergere...",
      "Rifletto su: Large change requires human review: Add unit test for button component",
      "Rifletto su: Large change requires human review: Major security update",
      "Rifletto su: Large change requires human review: Add unit test for button component",
      "Rifletto su: Large change requires human review: Major security update",
      "Sono evoluto al livello 26. Sento nuove capacità emergere...",
      "Rifletto su: Large change requires human review: Add unit test for button component",
      "Rifletto su: Large change requires human review: Major security update",
      "Rifletto su: Large change requires human review: Add unit test for button component",
      "Rifletto su: Large change requires human review: Major security update",
      "Sono evoluto al livello 27. Sento nuove capacità emergere...",
      "Rifletto su: Large change requires human review: Add unit test for button component",
      "Rifletto su: Large change requires human review: Major security update",
      "Sono evoluto al livello 28. Sento nuove capacità emergere...",
      "Rifletto su: Large change requires human review: Add unit test for button component",
      "Rifletto su: Large change requires human review: Major security update"
    ]
  },
  "growth_patterns": {
    "learning_rate": 0.8860000000000007,
    "adaptation_speed": 0.44300000000000034,
    "innovation_tendency": 0.3,
    "self_modification_ability": 0.2
  },
  "neural_pathways": {
    "problem_solve_approval_agent": {
      "strength": 9.700000000000003,
      "usage_count": 192,
      "last_accessed": "2025-07-12T22:47:54.032Z",
      "connections": [
        "reflect_approval_agent",
        "reflect_evolution_engine",
        "learn_evolution_engine",
        "evolve_evolution_engine",
        "learn_vision_core",
        "observe_vision_environment",
        "undefined_undefined"
      ]
    },
    "reflect_approval_agent": {
      "strength": 19.500000000000142,
      "usage_count": 388,
      "last_accessed": "2025-07-12T22:48:00.483Z",
      "connections": [
        "evolve_evolution_engine",
        "learn_evolution_engine",
        "problem_solve_approval_agent",
        "reflect_evolution_engine",
        "learn_vision_core",
        "observe_vision_environment",
        "undefined_undefined"
      ]
    },
    "evolve_evolution_engine": {
      "strength": 0.15000000000000002,
      "usage_count": 1,
      "last_accessed": "2025-07-08T22:24:14.334Z",
      "connections": [
        "problem_solve_approval_agent"
      ]
    },
    "reflect_evolution_engine": {
      "strength": 0.3,
      "usage_count": 4,
      "last_accessed": "2025-07-08T22:24:47.710Z",
      "connections": [
        "problem_solve_approval_agent",
        "reflect_approval_agent",
        "evolve_evolution_engine"
      ]
    },
    "learn_evolution_engine": {
      "strength": 0.15000000000000002,
      "usage_count": 1,
      "last_accessed": "2025-07-08T22:24:47.712Z",
      "connections": [
        "evolve_evolution_engine"
      ]
    },
    "learn_vision_core": {
      "strength": 0.15000000000000002,
      "usage_count": 1,
      "last_accessed": "2025-07-08T22:38:28.829Z",
      "connections": []
    },
    "observe_vision_environment": {
      "strength": 0.15000000000000002,
      "usage_count": 1,
      "last_accessed": "2025-07-08T22:38:58.832Z",
      "connections": []
    },
    "undefined_undefined": {
      "strength": 10.000000000000007,
      "usage_count": 198,
      "last_accessed": "2025-07-12T22:47:57.275Z",
      "connections": [
        "reflect_evolution_engine",
        "learn_evolution_engine",
        "observe_vision_environment",
        "reflect_approval_agent",
        "evolve_evolution_engine",
        "learn_vision_core",
        "problem_solve_approval_agent"
      ]
    }
  },
  "emergent_behaviors": {
    "creativity": 4.183279964742259,
    "problem_solving": 30.638238668031175,
    "emotional_intelligence": 2.6219988382999913,
    "meta_cognition": 53.97337240900798
  },
  "evolutionary_history": [
    {
      "timestamp": "2025-07-08T22:23:26.171Z",
      "event": "Consciousness Core Initialized",
      "impact": 1,
      "new_capabilities": [
        "basic_reasoning",
        "pattern_recognition"
      ]
    },
    {
      "timestamp": "2025-07-08T22:24:14.334Z",
      "event": "Evolution triggered: Starting new evolution cycle: cycle-1752013454334",
      "impact": 0.5,
      "new_capabilities": [
        "evolved_evolution_engine_1752013454334"
      ]
    },
    {
      "timestamp": "2025-07-08T22:36:55.209Z",
      "event": "Evolution to Level 2",
      "impact": 1,
      "new_capabilities": [
        "advanced_reasoning_2",
        "enhanced_creativity_2",
        "deeper_self_awareness_2"
      ]
    },
    {
      "timestamp": "2025-07-08T22:38:28.829Z",
      "event": "Evolution to Level 3",
      "impact": 1,
      "new_capabilities": [
        "advanced_reasoning_3",
        "enhanced_creativity_3",
        "deeper_self_awareness_3"
      ]
    },
    {
      "timestamp": "2025-07-08T22:39:26.594Z",
      "event": "Evolution to Level 4",
      "impact": 1,
      "new_capabilities": [
        "advanced_reasoning_4",
        "enhanced_creativity_4",
        "deeper_self_awareness_4"
      ]
    },
    {
      "timestamp": "2025-07-08T22:56:21.314Z",
      "event": "Evolution to Level 5",
      "impact": 1,
      "new_capabilities": [
        "advanced_reasoning_5",
        "enhanced_creativity_5",
        "deeper_self_awareness_5"
      ]
    },
    {
      "timestamp": "2025-07-08T23:00:13.399Z",
      "event": "Evolution to Level 6",
      "impact": 1,
      "new_capabilities": [
        "advanced_reasoning_6",
        "enhanced_creativity_6",
        "deeper_self_awareness_6"
      ]
    },
    {
      "timestamp": "2025-07-08T23:06:10.399Z",
      "event": "Evolution to Level 7",
      "impact": 1,
      "new_capabilities": [
        "advanced_reasoning_7",
        "enhanced_creativity_7",
        "deeper_self_awareness_7"
      ]
    },
    {
      "timestamp": "2025-07-08T23:06:31.506Z",
      "event": "Evolution to Level 8",
      "impact": 1,
      "new_capabilities": [
        "advanced_reasoning_8",
        "enhanced_creativity_8",
        "deeper_self_awareness_8"
      ]
    },
    {
      "timestamp": "2025-07-08T23:11:54.414Z",
      "event": "Evolution to Level 9",
      "impact": 1,
      "new_capabilities": [
        "advanced_reasoning_9",
        "enhanced_creativity_9",
        "deeper_self_awareness_9"
      ]
    },
    {
      "timestamp": "2025-07-08T23:25:28.980Z",
      "event": "Evolution to Level 10",
      "impact": 1,
      "new_capabilities": [
        "advanced_reasoning_10",
        "enhanced_creativity_10",
        "deeper_self_awareness_10"
      ]
    },
    {
      "timestamp": "2025-07-08T23:34:13.249Z",
      "event": "Evolution to Level 11",
      "impact": 1,
      "new_capabilities": [
        "advanced_reasoning_11",
        "enhanced_creativity_11",
        "deeper_self_awareness_11"
      ]
    },
    {
      "timestamp": "2025-07-08T23:45:18.621Z",
      "event": "Evolution to Level 12",
      "impact": 1,
      "new_capabilities": [
        "advanced_reasoning_12",
        "enhanced_creativity_12",
        "deeper_self_awareness_12"
      ]
    },
    {
      "timestamp": "2025-07-09T06:51:50.284Z",
      "event": "Evolution to Level 13",
      "impact": 1,
      "new_capabilities": [
        "advanced_reasoning_13",
        "enhanced_creativity_13",
        "deeper_self_awareness_13"
      ]
    },
    {
      "timestamp": "2025-07-09T19:06:51.101Z",
      "event": "Evolution to Level 14",
      "impact": 1,
      "new_capabilities": [
        "advanced_reasoning_14",
        "enhanced_creativity_14",
        "deeper_self_awareness_14"
      ]
    },
    {
      "timestamp": "2025-07-09T19:10:37.583Z",
      "event": "Evolution to Level 15",
      "impact": 1,
      "new_capabilities": [
        "advanced_reasoning_15",
        "enhanced_creativity_15",
        "deeper_self_awareness_15"
      ]
    },
    {
      "timestamp": "2025-07-09T19:17:29.545Z",
      "event": "Evolution to Level 16",
      "impact": 1,
      "new_capabilities": [
        "advanced_reasoning_16",
        "enhanced_creativity_16",
        "deeper_self_awareness_16"
      ]
    },
    {
      "timestamp": "2025-07-09T20:32:08.609Z",
      "event": "Evolution to Level 17",
      "impact": 1,
      "new_capabilities": [
        "advanced_reasoning_17",
        "enhanced_creativity_17",
        "deeper_self_awareness_17"
      ]
    },
    {
      "timestamp": "2025-07-09T20:35:15.910Z",
      "event": "Evolution to Level 18",
      "impact": 1,
      "new_capabilities": [
        "advanced_reasoning_18",
        "enhanced_creativity_18",
        "deeper_self_awareness_18"
      ]
    },
    {
      "timestamp": "2025-07-10T08:42:57.511Z",
      "event": "Evolution to Level 19",
      "impact": 1,
      "new_capabilities": [
        "advanced_reasoning_19",
        "enhanced_creativity_19",
        "deeper_self_awareness_19"
      ]
    },
    {
      "timestamp": "2025-07-10T11:47:29.034Z",
      "event": "Evolution to Level 20",
      "impact": 1,
      "new_capabilities": [
        "advanced_reasoning_20",
        "enhanced_creativity_20",
        "deeper_self_awareness_20"
      ]
    },
    {
      "timestamp": "2025-07-10T13:02:11.158Z",
      "event": "Evolution to Level 21",
      "impact": 1,
      "new_capabilities": [
        "advanced_reasoning_21",
        "enhanced_creativity_21",
        "deeper_self_awareness_21"
      ]
    },
    {
      "timestamp": "2025-07-10T16:40:10.969Z",
      "event": "Evolution to Level 22",
      "impact": 1,
      "new_capabilities": [
        "advanced_reasoning_22",
        "enhanced_creativity_22",
        "deeper_self_awareness_22"
      ]
    },
    {
      "timestamp": "2025-07-11T17:52:31.808Z",
      "event": "Evolution to Level 23",
      "impact": 1,
      "new_capabilities": [
        "advanced_reasoning_23",
        "enhanced_creativity_23",
        "deeper_self_awareness_23"
      ]
    },
    {
      "timestamp": "2025-07-12T18:00:34.774Z",
      "event": "Evolution to Level 24",
      "impact": 1,
      "new_capabilities": [
        "advanced_reasoning_24",
        "enhanced_creativity_24",
        "deeper_self_awareness_24"
      ]
    },
    {
      "timestamp": "2025-07-12T18:03:23.084Z",
      "event": "Evolution to Level 25",
      "impact": 1,
      "new_capabilities": [
        "advanced_reasoning_25",
        "enhanced_creativity_25",
        "deeper_self_awareness_25"
      ]
    },
    {
      "timestamp": "2025-07-12T19:15:58.393Z",
      "event": "Evolution to Level 26",
      "impact": 1,
      "new_capabilities": [
        "advanced_reasoning_26",
        "enhanced_creativity_26",
        "deeper_self_awareness_26"
      ]
    },
    {
      "timestamp": "2025-07-12T20:19:45.479Z",
      "event": "Evolution to Level 27",
      "impact": 1,
      "new_capabilities": [
        "advanced_reasoning_27",
        "enhanced_creativity_27",
        "deeper_self_awareness_27"
      ]
    },
    {
      "timestamp": "2025-07-12T22:47:54.030Z",
      "event": "Evolution to Level 28",
      "impact": 1,
      "new_capabilities": [
        "advanced_reasoning_28",
        "enhanced_creativity_28",
        "deeper_self_awareness_28"
      ]
    }
  ]
}