{
  "visionHistory": [],
  "sensorReadings": [
    {
      "id": "sensor-1752014316174",
      "sensor_data": [
        {
          "type": "system",
          "value": {
            "rss": 236609536,
            "heapTotal": 106786816,
            "heapUsed": 104024704,
            "external": 12188005,
            "arrayBuffers": 635523
          },
          "source": "nodejs_runtime",
          "timestamp": "2025-07-08T22:38:33.075Z",
          "metadata": {
            "type": "memory"
          }
        },
        {
          "type": "performance",
          "value": 27.353600995,
          "unit": "seconds",
          "source": "nodejs_runtime",
          "timestamp": "2025-07-08T22:38:33.075Z",
          "metadata": {
            "type": "uptime"
          }
        },
        {
          "type": "environment",
          "value": {
            "node_version": "v20.18.1",
            "platform": "linux",
            "arch": "x64"
          },
          "source": "system",
          "timestamp": "2025-07-08T22:38:33.075Z",
          "metadata": {
            "type": "environment"
          }
        },
        {
          "type": "user",
          "value": 0,
          "source": "vision_core",
          "timestamp": "2025-07-08T22:38:33.075Z",
          "metadata": {
            "type": "activity"
          }
        }
      ],
      "analysis": {
        "summary": "Sistema operativo normale",
        "anomalies": [],
        "trends": [],
        "recommendations": [],
        "emotional_impact": []
      },
      "timestamp": "2025-07-08T22:38:33.075Z"
    },
    {
      "id": "sensor-1752014345628",
      "sensor_data": [
        {
          "type": "system",
          "value": {
            "rss": 238227456,
            "heapTotal": 108097536,
            "heapUsed": 104946200,
            "external": 12224495,
            "arrayBuffers": 671973
          },
          "source": "nodejs_runtime",
          "timestamp": "2025-07-08T22:39:02.228Z",
          "metadata": {
            "type": "memory"
          }
        },
        {
          "type": "performance",
          "value": 56.5066593,
          "unit": "seconds",
          "source": "nodejs_runtime",
          "timestamp": "2025-07-08T22:39:02.228Z",
          "metadata": {
            "type": "uptime"
          }
        },
        {
          "type": "environment",
          "value": {
            "node_version": "v20.18.1",
            "platform": "linux",
            "arch": "x64"
          },
          "source": "system",
          "timestamp": "2025-07-08T22:39:02.228Z",
          "metadata": {
            "type": "environment"
          }
        },
        {
          "type": "user",
          "value": 0,
          "source": "vision_core",
          "timestamp": "2025-07-08T22:39:02.228Z",
          "metadata": {
            "type": "activity"
          }
        }
      ],
      "analysis": {
        "summary": "Sistema operativo normale",
        "anomalies": [],
        "trends": [],
        "recommendations": [],
        "emotional_impact": []
      },
      "timestamp": "2025-07-08T22:39:02.228Z"
    }
  ]
}